-- --------------------------------------------------------
-- 호스트:                          127.0.0.1
-- 서버 버전:                        10.11.8-MariaDB - mariadb.org binary distribution
-- 서버 OS:                        Win64
-- HeidiSQL 버전:                  12.6.0.6765
-- --------------------------------------------------------

/*!40101 SET @OLD_CHARACTER_SET_CLIENT=@@CHARACTER_SET_CLIENT */;
/*!40101 SET NAMES utf8 */;
/*!50503 SET NAMES utf8mb4 */;
/*!40103 SET @OLD_TIME_ZONE=@@TIME_ZONE */;
/*!40103 SET TIME_ZONE='+00:00' */;
/*!40014 SET @OLD_FOREIGN_KEY_CHECKS=@@FOREIGN_KEY_CHECKS, FOREIGN_KEY_CHECKS=0 */;
/*!40101 SET @OLD_SQL_MODE=@@SQL_MODE, SQL_MODE='NO_AUTO_VALUE_ON_ZERO' */;
/*!40111 SET @OLD_SQL_NOTES=@@SQL_NOTES, SQL_NOTES=0 */;


-- modeling_schema 데이터베이스 구조 내보내기
CREATE DATABASE IF NOT EXISTS `modeling_schema` /*!40100 DEFAULT CHARACTER SET utf8mb4 COLLATE utf8mb4_general_ci */;
USE `modeling_schema`;

-- 테이블 modeling_schema.pt 수업 정보 구조 내보내기
CREATE TABLE IF NOT EXISTS `pt 수업 정보` (
  `트레이너_ID` int(11) DEFAULT NULL,
  `수업시간` int(11) DEFAULT NULL,
  `날짜` date DEFAULT NULL,
  `요일` varchar(50) DEFAULT NULL,
  `회원ID` int(11) DEFAULT NULL,
  KEY `fk_pt_트레이너` (`트레이너_ID`),
  KEY `fk_회원_ID` (`회원ID`),
  CONSTRAINT `fk_pt_트레이너` FOREIGN KEY (`트레이너_ID`) REFERENCES `트레이너` (`트레이너_ID`) ON DELETE CASCADE ON UPDATE CASCADE,
  CONSTRAINT `fk_회원_ID` FOREIGN KEY (`회원ID`) REFERENCES `회원카드` (`id`) ON DELETE CASCADE ON UPDATE CASCADE
) ENGINE=InnoDB DEFAULT CHARSET=utf8mb4 COLLATE=utf8mb4_general_ci;

-- 테이블 데이터 modeling_schema.pt 수업 정보:~1 rows (대략적) 내보내기
INSERT INTO `pt 수업 정보` (`트레이너_ID`, `수업시간`, `날짜`, `요일`, `회원ID`) VALUES
	(1, 13, '2027-07-22', '월', 3);

-- 테이블 modeling_schema.소모품 구조 내보내기
CREATE TABLE IF NOT EXISTS `소모품` (
  `품목명` varchar(20) NOT NULL,
  `남은갯수` int(11) DEFAULT 0,
  `주문예정일` date DEFAULT NULL,
  `가격` decimal(10,2) DEFAULT NULL,
  PRIMARY KEY (`품목명`)
) ENGINE=InnoDB DEFAULT CHARSET=utf8mb4 COLLATE=utf8mb4_general_ci;

-- 테이블 데이터 modeling_schema.소모품:~5 rows (대략적) 내보내기
INSERT INTO `소모품` (`품목명`, `남은갯수`, `주문예정일`, `가격`) VALUES
	('샴푸', 10, '2025-08-01', 2000.00),
	('수건', 25, '2025-08-03', 3000.00),
	('운동복', 15, '2025-08-05', 15000.00),
	('종이컵', 100, '2025-08-04', 500.00),
	('휴지', 50, '2025-08-02', 1000.00);

-- 테이블 modeling_schema.운동기구 구조 내보내기
CREATE TABLE IF NOT EXISTS `운동기구` (
  `기구명` varchar(30) NOT NULL,
  `상태` enum('정상','고장','수리중') DEFAULT NULL,
  `메이커` varchar(30) DEFAULT NULL,
  `갯수` int(11) DEFAULT NULL,
  `사용시작일` date DEFAULT NULL,
  PRIMARY KEY (`기구명`)
) ENGINE=InnoDB DEFAULT CHARSET=utf8mb4 COLLATE=utf8mb4_general_ci;

-- 테이블 데이터 modeling_schema.운동기구:~3 rows (대략적) 내보내기
INSERT INTO `운동기구` (`기구명`, `상태`, `메이커`, `갯수`, `사용시작일`) VALUES
	('런닝머신', '정상', '삼성헬스', 5, '2025-07-22'),
	('레그프레스', '정상', '인바디핏', 3, '2027-07-22'),
	('바벨세트', '수리중', '케이짐', 10, '2025-07-22');

-- 테이블 modeling_schema.유지비 구조 내보내기
CREATE TABLE IF NOT EXISTS `유지비` (
  `전기세` decimal(10,2) DEFAULT NULL,
  `수도세` decimal(10,2) DEFAULT NULL,
  `PT_트레이너_월급` decimal(10,2) DEFAULT NULL,
  `월세` decimal(10,2) DEFAULT NULL,
  `소모품비` decimal(10,2) DEFAULT NULL,
  `날짜` date DEFAULT NULL
) ENGINE=InnoDB DEFAULT CHARSET=utf8mb4 COLLATE=utf8mb4_general_ci;

-- 테이블 데이터 modeling_schema.유지비:~3 rows (대략적) 내보내기
INSERT INTO `유지비` (`전기세`, `수도세`, `PT_트레이너_월급`, `월세`, `소모품비`, `날짜`) VALUES
	(500000.00, 200000.00, 8300000.00, 2500000.00, 400000.00, '2025-07-22'),
	(480000.00, 190000.00, 8200000.00, 2500000.00, 420000.00, '2025-08-23'),
	(510000.00, 210000.00, 8400000.00, 2500000.00, 390000.00, '2025-09-22');

-- 테이블 modeling_schema.출입관리 구조 내보내기
CREATE TABLE IF NOT EXISTS `출입관리` (
  `번호` int(11) NOT NULL AUTO_INCREMENT,
  `회원ID` int(11) DEFAULT NULL,
  `방문일시` datetime DEFAULT NULL,
  `출입기록` text DEFAULT NULL,
  PRIMARY KEY (`번호`) USING BTREE,
  KEY `회원ID` (`회원ID`),
  CONSTRAINT `출입관리_ibfk_1` FOREIGN KEY (`회원ID`) REFERENCES `회원카드` (`id`) ON DELETE CASCADE
) ENGINE=InnoDB AUTO_INCREMENT=5 DEFAULT CHARSET=utf8mb4 COLLATE=utf8mb4_general_ci;

-- 테이블 데이터 modeling_schema.출입관리:~4 rows (대략적) 내보내기
INSERT INTO `출입관리` (`번호`, `회원ID`, `방문일시`, `출입기록`) VALUES
	(1, 1, '2025-07-21 09:00:00', '입장'),
	(2, 2, '2025-07-21 10:15:00', '입장'),
	(3, 3, '2025-07-21 11:30:00', '입장'),
	(4, 3, '2025-07-22 10:26:18', '퇴장');

-- 테이블 modeling_schema.트레이너 구조 내보내기
CREATE TABLE IF NOT EXISTS `트레이너` (
  `트레이너_ID` int(11) NOT NULL AUTO_INCREMENT,
  `이름` varchar(20) DEFAULT NULL,
  `성별` char(1) DEFAULT NULL,
  `담당_회원_리스트` text DEFAULT NULL,
  `근무_시간표` text DEFAULT NULL,
  `자격증_및_경력` text DEFAULT NULL,
  `월급` decimal(10,2) DEFAULT NULL,
  `근무요일` varchar(50) DEFAULT NULL,
  PRIMARY KEY (`트레이너_ID`)
) ENGINE=InnoDB AUTO_INCREMENT=4 DEFAULT CHARSET=utf8mb4 COLLATE=utf8mb4_general_ci;

-- 테이블 데이터 modeling_schema.트레이너:~3 rows (대략적) 내보내기
INSERT INTO `트레이너` (`트레이너_ID`, `이름`, `성별`, `담당_회원_리스트`, `근무_시간표`, `자격증_및_경력`, `월급`, `근무요일`) VALUES
	(1, '김지훈', 'M', '1,2', '08:00~20:00', '생활스포츠지도사', 3000000.00, '수,목,금,토,일'),
	(2, '최수빈', 'F', '3', '13:00~20:00', '헬스 트레이너 2급', 2800000.00, '토,일'),
	(3, '장민서', 'F', '1', '09:00~20:00', '운동처방사', 2500000.00, '월,화,수,목,금');

-- 테이블 modeling_schema.회원결제정산 구조 내보내기
CREATE TABLE IF NOT EXISTS `회원결제정산` (
  `id` int(11) NOT NULL AUTO_INCREMENT,
  `회원ID` int(11) DEFAULT NULL,
  `결제_내역` text DEFAULT NULL,
  `결제_방식` enum('카드','현금','계좌이체') DEFAULT NULL,
  `결제_일자` date DEFAULT NULL,
  `회원권` tinyint(1) DEFAULT NULL,
  `운동복` tinyint(1) DEFAULT NULL,
  `PT` tinyint(1) DEFAULT NULL,
  `라커룸` tinyint(1) DEFAULT NULL,
  PRIMARY KEY (`id`),
  KEY `회원ID` (`회원ID`),
  CONSTRAINT `회원결제정산_ibfk_1` FOREIGN KEY (`회원ID`) REFERENCES `회원카드` (`id`) ON DELETE CASCADE
) ENGINE=InnoDB AUTO_INCREMENT=4 DEFAULT CHARSET=utf8mb4 COLLATE=utf8mb4_general_ci;

-- 테이블 데이터 modeling_schema.회원결제정산:~3 rows (대략적) 내보내기
INSERT INTO `회원결제정산` (`id`, `회원ID`, `결제_내역`, `결제_방식`, `결제_일자`, `회원권`, `운동복`, `PT`, `라커룸`) VALUES
	(1, 1, '3개월 등록 + 라커룸', '카드', '2025-07-01', 1, 0, 0, 1),
	(2, 2, '6개월 등록 + PT', '현금', '2025-06-01', 1, 1, 1, 0),
	(3, 3, '12개월 등록 Full Option', '계좌이체', '2025-01-01', 1, 1, 1, 1);

-- 테이블 modeling_schema.회원카드 구조 내보내기
CREATE TABLE IF NOT EXISTS `회원카드` (
  `id` int(11) NOT NULL AUTO_INCREMENT,
  `이용_기간` enum('3개월','6개월','12개월') DEFAULT NULL,
  `시작일` date DEFAULT NULL,
  `종료일` date DEFAULT NULL,
  `라커룸_여부` tinyint(1) DEFAULT NULL,
  `PT_여부` tinyint(1) DEFAULT NULL,
  `이름` varchar(15) DEFAULT NULL,
  `전화번호` varchar(100) DEFAULT NULL,
  `우편번호` char(6) DEFAULT NULL,
  `성별` char(2) DEFAULT NULL,
  `나이` int(11) DEFAULT NULL,
  `email` varchar(50) DEFAULT NULL,
  PRIMARY KEY (`id`)
) ENGINE=InnoDB AUTO_INCREMENT=4 DEFAULT CHARSET=utf8mb4 COLLATE=utf8mb4_general_ci;

-- 테이블 데이터 modeling_schema.회원카드:~3 rows (대략적) 내보내기
INSERT INTO `회원카드` (`id`, `이용_기간`, `시작일`, `종료일`, `라커룸_여부`, `PT_여부`, `이름`, `전화번호`, `우편번호`, `성별`, `나이`, `email`) VALUES
	(1, '3개월', '2025-07-01', '2025-09-30', 1, 0, '김예나', '010-1111-1111', '12345', 'F', 26, 'yena1@example.com'),
	(2, '6개월', '2025-06-01', '2025-11-30', 0, 1, '이서연', '010-2222-2222', '23456', 'F', 30, 'seoyeon@example.com'),
	(3, '12개월', '2025-01-01', '2025-12-31', 1, 1, '박민준', '010-3333-3333', '34567', 'M', 35, 'minjun@example.com');

/*!40103 SET TIME_ZONE=IFNULL(@OLD_TIME_ZONE, 'system') */;
/*!40101 SET SQL_MODE=IFNULL(@OLD_SQL_MODE, '') */;
/*!40014 SET FOREIGN_KEY_CHECKS=IFNULL(@OLD_FOREIGN_KEY_CHECKS, 1) */;
/*!40101 SET CHARACTER_SET_CLIENT=@OLD_CHARACTER_SET_CLIENT */;
/*!40111 SET SQL_NOTES=IFNULL(@OLD_SQL_NOTES, 1) */;

INSERT INTO `PT 수업 정보` (`트레이너_ID`, `수업시간`, `날짜`, `요일`, `회원ID`)
VALUES
(4, 10, '2027-07-20', '토', 4),
(5, 11, '2027-07-25', '목', 5),
(6, 12, '2027-07-21', '일', 6),
(7, 13, '2027-07-25', '목', 19),
(8, 14, '2027-07-19', '금', 8),
(9, 15, '2027-07-25', '목', 9),
(10, 16, '2027-07-17', '수', 10),
(11, 17, '2027-07-25', '목', 11),
(12, 18, '2027-07-19', '금', 12),
(13, 19, '2027-07-25', '목', 13),
(14, 20, '2027-07-19', '금', 14),
(15, 21, '2027-07-25', '목', 15),
(16, 22, '2027-07-19', '금', 30),
(17, 10, '2027-07-25', '목', 17),
(18, 11, '2027-07-19', '금', 18),
(19, 12, '2027-07-30', '화', 7),
(20, 13, '2027-07-19', '금', 20),
(21, 14, '2027-07-26', '금', 21),
(22, 15, '2027-07-19', '금', 22),
(23, 16, '2027-07-25', '목', 23),
(24, 17, '2027-07-19', '금', 24),
(25, 18, '2027-07-25', '목', 25),
(26, 19, '2027-07-19', '금', 26),
(27, 20, '2027-07-25', '목', 27),
(28, 21, '2027-07-19', '금', 28),
(29, 22, '2027-07-25', '목', 29),
(30, 12, '2027-07-19', '금', 16);

INSERT INTO `출입관리` (`번호`, `회원ID`, `방문일시`, `출입기록`) VALUES
(5, 4, '2025-07-21 09:30:00', '입장'),
(6, 4, '2025-07-21 11:45:00', '퇴장'),
(7, 5, '2025-07-21 12:00:00', '입장'),
(8, 6, '2025-07-21 12:30:00', '입장'),
(9, 6, '2025-07-21 14:00:00', '퇴장'),
(10, 7, '2025-07-21 15:10:00', '입장'),
(11, 8, '2025-07-21 15:40:00', '입장'),
(12, 9, '2025-07-21 16:00:00', '입장'),
(13, 9, '2025-07-21 17:20:00', '퇴장'),
(14, 10, '2025-07-21 17:30:00', '입장'),
(15, 11, '2025-07-21 18:00:00', '입장'),
(16, 12, '2025-07-21 18:20:00', '입장'),
(17, 13, '2025-07-21 19:00:00', '입장'),
(18, 13, '2025-07-21 20:30:00', '퇴장'),
(19, 14, '2025-07-21 21:00:00', '입장'),
(20, 15, '2025-07-21 21:45:00', '입장'),
(21, 16, '2025-07-22 07:15:00', '입장'),
(22, 17, '2025-07-22 07:40:00', '입장'),
(23, 18, '2025-07-22 08:00:00', '입장'),
(24, 19, '2025-07-22 08:30:00', '입장'),
(25, 20, '2025-07-22 09:10:00', '입장'),
(26, 20, '2025-07-22 10:15:00', '퇴장'),
(27, 21, '2025-07-22 09:20:00', '입장'),
(28, 22, '2025-07-22 09:45:00', '입장'),
(29, 23, '2025-07-22 10:00:00', '입장'),
(30, 24, '2025-07-22 10:20:00', '입장'),
(31, 24, '2025-07-22 11:50:00', '퇴장'),
(32, 25, '2025-07-22 12:00:00', '입장'),
(33, 26, '2025-07-22 12:30:00', '입장'),
(34, 27, '2025-07-22 12:55:00', '입장'),
(35, 28, '2025-07-22 13:20:00', '입장'),
(36, 28, '2025-07-22 15:10:00', '퇴장'),
(37, 29, '2025-07-22 14:30:00', '입장'),
(38, 30, '2025-07-22 14:55:00', '입장'),
(39, 1, '2025-07-22 15:20:00', '입장'),
(40, 2, '2025-07-22 15:45:00', '입장'),
(41, 3, '2025-07-22 16:10:00', '입장'),
(42, 4, '2025-07-22 16:30:00', '입장'),
(43, 5, '2025-07-22 17:00:00', '입장'),
(44, 6, '2025-07-22 17:20:00', '입장'),
(45, 7, '2025-07-22 17:50:00', '입장'),
(46, 8, '2025-07-22 18:00:00', '입장'),
(47, 9, '2025-07-22 18:20:00', '입장'),
(48, 10, '2025-07-22 18:40:00', '입장'),
(49, 11, '2025-07-22 19:00:00', '입장'),
(50, 12, '2025-07-22 19:30:00', '입장');

INSERT INTO 트레이너 (트레이너_ID, 이름, 성별, 담당_회원_리스트, 근무_시간표, 자격증_및_경력, 월급, 근무요일) VALUES
(4, '이도윤', 'M', '4,5', '10:00~19:00', '생활체육지도자', 3100000.0, '월,수,금'),
(5, '박하은', 'F', '6', '11:00~20:00', '헬스 트레이너 1급', 2700000.0, '화,목,토'),
(6, '정예린', 'F', '7', '08:00~16:00', '필라테스 강사', 2600000.0, '월,수,금'),
(7, '윤재원', 'M', '8', '12:00~21:00', '운동처방사', 2900000.0, '화,금,일'),
(8, '배소율', 'F', '9,10', '09:00~18:00', '생활스포츠지도사', 2550000.0, '수,목,토'),
(9, '한지호', 'M', '11', '07:00~15:00', '헬스 트레이너 2급', 2750000.0, '화,수,금'),
(10, '서예린', 'F', '12', '14:00~22:00', '필라테스 강사', 2650000.0, '월,화,목'),
(11, '최유진', 'F', '13,14', '10:00~18:00', '헬스 트레이너 2급', 2700000.0, '화,목,토'),
(12, '김도현', 'M', '15', '08:00~17:00', '운동처방사', 2800000.0, '월,수,금'),
(13, '백서연', 'F', '16,17', '13:00~21:00', '생활스포츠지도사', 2600000.0, '수,목,토'),
(14, '정하늘', 'M', '18', '09:00~18:00', '헬스 트레이너 1급', 3000000.0, '월,화,금'),
(15, '윤서아', 'F', '19,20', '07:00~15:00', '필라테스 강사', 2500000.0, '화,수,목'),
(16, '한지후', 'M', '21', '12:00~20:00', '생활체육지도자', 2900000.0, '수,금,일'),
(17, '이하은', 'F', '22,23', '10:00~19:00', '헬스 트레이너 2급', 2750000.0, '월,수,토'),
(18, '노현우', 'M', '24', '08:30~16:30', '운동처방사', 2600000.0, '화,목,일'),
(19, '장다인', 'F', '25,26', '11:00~19:00', '생활스포츠지도사', 2550000.0, '월,목,금'),
(20, '오시윤', 'F', '27', '13:00~22:00', '헬스 트레이너 1급', 2650000.0, '수,토,일'),
(21, '임도윤', 'M', '28', '09:00~18:00', '생활체육지도자', 2850000.0, '월,화,금'),
(22, '강하린', 'F', '29,30', '07:30~16:30', '필라테스 강사', 2700000.0, '화,수,목'),
(23, '배준호', 'M', '31', '10:00~20:00', '헬스 트레이너 2급', 2950000.0, '수,금,토'),
(24, '조예린', 'F', '32,33', '12:00~21:00', '운동처방사', 2600000.0, '월,수,토'),
(25, '서지후', 'M', '34', '08:00~17:00', '생활스포츠지도사', 2500000.0, '화,목,일'),
(26, '하유진', 'F', '35,36', '09:30~18:30', '헬스 트레이너 1급', 2750000.0, '수,금,토'),
(27, '김하린', 'F', '37', '13:00~22:00', '필라테스 강사', 2650000.0, '월,목,금'),
(28, '이준서', 'M', '38,39', '10:00~19:00', '운동처방사', 2850000.0, '화,수,토'),
(29, '신채은', 'F', '40', '11:00~20:00', '생활체육지도자', 2700000.0, '월,수,일'),
(30, '정시우', 'M', '41,42', '09:00~18:00', '헬스 트레이너 2급', 2900000.0, '화,목,토');

INSERT INTO `회원결제정산` (`id`, `회원ID`, `결제_내역`, `결제_방식`, `결제_일자`, `회원권`, `운동복`, `PT`, `라커룸`) VALUES
(4, 4, '3개월 등록', '카드', '2025-05-01', 1, 0, 0, 0),
(5, 5, '6개월 등록 + PT + 라커룸', '현금', '2025-04-01', 1, 0, 1, 1),
(6, 6, '12개월 등록 + 운동복', '카드', '2025-03-01', 1, 1, 0, 0),
(7, 7, '3개월 등록 + PT', '계좌이체', '2025-02-01', 1, 0, 1, 0),
(8, 8, '6개월 등록 + 운동복 + 라커룸', '카드', '2025-01-15', 1, 1, 0, 1),
(9, 9, '12개월 등록 Full Option', '현금', '2025-06-01', 1, 1, 1, 1),
(10, 10, '3개월 등록', '카드', '2025-07-01', 1, 0, 0, 0),
(11, 11, '3개월 등록 + 운동복', '현금', '2025-05-10', 1, 1, 0, 0),
(12, 12, '6개월 등록 + 라커룸', '계좌이체', '2025-04-15', 1, 0, 0, 1),
(13, 13, '12개월 등록 + PT', '카드', '2025-03-10', 1, 0, 1, 0),
(14, 14, '3개월 등록 + PT + 운동복', '카드', '2025-02-20', 1, 1, 1, 0),
(15, 15, '6개월 등록 + 라커룸 + 운동복', '현금', '2025-01-25', 1, 1, 0, 1),
(16, 16, '12개월 등록 Full Option', '계좌이체', '2025-07-01', 1, 1, 1, 1),
(17, 17, '3개월 등록 + 라커룸', '카드', '2025-06-01', 1, 0, 0, 1),
(18, 18, '6개월 등록 + 운동복', '현금', '2025-05-01', 1, 1, 0, 0),
(19, 19, '12개월 등록 + PT + 라커룸', '카드', '2025-04-01', 1, 0, 1, 1),
(20, 20, '3개월 등록', '계좌이체', '2025-03-01', 1, 0, 0, 0),
(21, 21, '6개월 등록 + PT + 운동복', '카드', '2025-02-01', 1, 1, 1, 0),
(22, 22, '12개월 등록 + 라커룸', '현금', '2025-01-01', 1, 0, 0, 1),
(23, 23, '3개월 등록 + 운동복', '카드', '2025-06-15', 1, 1, 0, 0),
(24, 24, '6개월 등록 + PT', '현금', '2025-05-20', 1, 0, 1, 0),
(25, 25, '12개월 등록 + PT + 운동복', '카드', '2025-04-10', 1, 1, 1, 0),
(26, 26, '3개월 등록 + 라커룸', '계좌이체', '2025-03-15', 1, 0, 0, 1),
(27, 27, '6개월 등록 + 운동복 + 라커룸', '현금', '2025-02-10', 1, 1, 0, 1),
(28, 28, '12개월 등록 Full Option', '카드', '2025-01-20', 1, 1, 1, 1),
(29, 29, '3개월 등록 + PT', '현금', '2025-07-01', 1, 0, 1, 0),
(30, 30, '6개월 등록 + 운동복', '계좌이체', '2025-06-01', 1, 1, 0, 0);

INSERT INTO `회원카드` (`id`, `이용_기간`, `시작일`, `종료일`, `라커룸_여부`, `PT_여부`, `이름`, `전화번호`, `우편번호`, `성별`, `나이`, `email`) VALUES
(4, '3개월', '2025-05-01', '2025-07-31', 0, 0, '정수빈', '010-4444-4444', '45678', 'F', 28, 'soobin@example.com'),
(5, '6개월', '2025-04-01', '2025-09-30', 1, 1, '최준호', '010-5555-5555', '56789', 'M', 32, 'junho@example.com'),
(6, '12개월', '2025-03-01', '2026-02-28', 1, 0, '한지우', '010-6666-6666', '67890', 'F', 25, 'jiwoo@example.com'),
(7, '3개월', '2025-02-01', '2025-04-30', 0, 1, '이준서', '010-7777-7777', '78901', 'M', 29, 'junseo@example.com'),
(8, '6개월', '2025-01-15', '2025-07-14', 1, 1, '김하윤', '010-8888-8888', '89012', 'F', 24, 'hayoon@example.com'),
(9, '12개월', '2025-06-01', '2026-05-31', 1, 1, '서지호', '010-9999-9999', '90123', 'M', 31, 'jiho@example.com'),
(10, '3개월', '2025-07-01', '2025-09-30', 0, 0, '윤다은', '010-0000-0000', '01234', 'F', 27, 'daeun@example.com'),
(11, '3개월', '2025-05-10', '2025-08-09', 1, 1, '장한결', '010-1010-1010', '54321', 'M', 33, 'hangyeol@example.com'),
(12, '6개월', '2025-04-15', '2025-10-14', 1, 0, '백서윤', '010-1212-1212', '65432', 'F', 26, 'seoyoon@example.com'),
(13, '12개월', '2025-03-10', '2026-03-09', 1, 1, '김태현', '010-1313-1313', '76543', 'M', 30, 'taehyun@example.com'),
(14, '3개월', '2025-02-20', '2025-05-19', 0, 0, '오하은', '010-1414-1414', '87654', 'F', 23, 'haeun@example.com'),
(15, '6개월', '2025-01-25', '2025-07-24', 1, 1, '홍지민', '010-1515-1515', '98765', 'F', 28, 'jimin@example.com'),
(16, '12개월', '2025-07-01', '2026-06-30', 0, 1, '윤도현', '010-1616-1616', '19876', 'M', 34, 'dohyun@example.com'),
(17, '3개월', '2025-06-01', '2025-08-31', 1, 0, '조예린', '010-1717-1717', '20987', 'F', 25, 'yerin@example.com'),
(18, '6개월', '2025-05-01', '2025-10-31', 0, 0, '문현우', '010-1818-1818', '32109', 'M', 33, 'hyunwoo@example.com'),
(19, '12개월', '2025-04-01', '2026-03-31', 1, 1, '송채은', '010-1919-1919', '43210', 'F', 27, 'chaeun@example.com'),
(20, '3개월', '2025-03-01', '2025-05-31', 1, 0, '유시우', '010-2020-2020', '54321', 'M', 29, 'siwoo@example.com'),
(21, '6개월', '2025-02-01', '2025-07-31', 1, 1, '이하준', '010-2121-2121', '65432', 'M', 30, 'hajun@example.com'),
(22, '12개월', '2025-01-01', '2025-12-31', 0, 0, '정하린', '010-2222-2223', '76543', 'F', 28, 'harin@example.com'),
(23, '3개월', '2025-06-15', '2025-09-14', 1, 1, '배수아', '010-2323-2323', '87654', 'F', 26, 'sua@example.com'),
(24, '6개월', '2025-05-20', '2025-11-19', 0, 1, '강시윤', '010-2424-2424', '98765', 'F', 25, 'siyoon@example.com'),
(25, '12개월', '2025-04-10', '2026-04-09', 1, 0, '임다현', '010-2525-2525', '19876', 'F', 27, 'dahyun@example.com'),
(26, '3개월', '2025-03-15', '2025-06-14', 0, 0, '노태민', '010-2626-2626', '20987', 'M', 32, 'taemin@example.com'),
(27, '6개월', '2025-02-10', '2025-08-09', 1, 1, '허지원', '010-2727-2727', '32109', 'F', 24, 'jiwon@example.com'),
(28, '12개월', '2025-01-20', '2026-01-19', 1, 1, '권하람', '010-2828-2828', '43210', 'F', 29, 'haram@example.com'),
(29, '3개월', '2025-07-01', '2025-09-30', 0, 1, '이도윤', '010-2929-2929', '54321', 'M', 31, 'doyoon@example.com'),
(30, '6개월', '2025-06-01', '2025-11-30', 1, 0, '김나은', '010-3030-3030', '65432', 'F', 26, 'naeun@example.com');

INSERT INTO 운동기구 (기구명, 상태, 메이커, 갯수, 사용시작일) VALUES
('천국의계단', '수리중', '뉴텍', 3, '2018-04-12'),
('시티레스트', '정상', '인바디닷', 3, '2022-06-08'),
('훔프프레스', '정상', '뉴텍', 3, '2021-07-12'),
('켓중단', '고장', '삼성헬스', 3, '2021-07-15'),
('레그오스컬턴', '수리중', '케이짐', 3, '2015-04-12'),
('퀵프레스', '수리중', '뉴텍', 3, '2012-12-12'),
('암플', '수리중', '케이짐', 3, '2020-07-14'),
('케이블로우', '수리중', '뉴텍', 3, '2020-05-05'),
('스미스머신', '고장', '삼성헬스', 3, '2017-05-30'),
('이너트레', '정상', '케이짐', 3, '2014-07-16'),
('도트럴', '정상', '뉴텍', 3, '2025-07-22'),
('시티레스트...', '수리중', '삼성헬스', 3, '2015-03-18'),
('픽셀로우', '고장', '삼성헬스', 3, '2024-08-30'),
('텐스머신', '정상', '인바디닷', 3, '2025-07-22'),
('케이블머신', '수리중', '케이짐', 3, '2025-07-22'),
('기타로우머신', '정상', '삼성헬스', 3, '2025-07-22'),
('티바로우머신', '정상', '뉴텍', 3, '2019-02-10'),
('풋볼머신', '고장', '삼성헬스', 3, '2021-05-17'),
('어싸스플로우머신', '수리중', '케이짐', 3, '2013-03-04'),
('로우머신', '정상', '케이짐', 3, '2013-05-08'),
('암블라스터', '고장', '삼성헬스', 3, '2018-07-02'),
('로윙머신', '정상', '케이짐', 3, '2025-07-22'),
('시티로우', '수리중', '인바디닷', 3, '2014-09-27'),
('스쿼트랙', '정상', '뉴텍', 3, '2020-09-25'),
('케틀벨', '정상', '케이짐', 3, '2020-06-12'),
('덤벨', '수리중', '삼성헬스', 3, '2020-01-13');

