-- newbiehealth 데이터베이스 구조 내보내기
CREATE DATABASE IF NOT EXISTS `newbiehealth` /*!40100 DEFAULT CHARACTER SET utf8mb4 COLLATE utf8mb4_general_ci */;
USE `newbiehealth`;

-- 테이블 newbiehealth.diet_template 구조 내보내기
CREATE TABLE IF NOT EXISTS `diet_template` (
  `template_id` int(11) NOT NULL,
  `template_name` varchar(20) DEFAULT NULL,
  `meal_type` enum('아침','점심','저녁','간식') DEFAULT NULL,
  `user_key` varchar(20) DEFAULT NULL,
  PRIMARY KEY (`template_id`),
  KEY `user_key` (`user_key`),
  CONSTRAINT `diet_template_ibfk_1` FOREIGN KEY (`user_key`) REFERENCES `user` (`user_key`)
) ENGINE=InnoDB DEFAULT CHARSET=utf8mb4 COLLATE=utf8mb4_general_ci;

-- 테이블 데이터 newbiehealth.diet_template:~10 rows (대략적) 내보내기
INSERT INTO `diet_template` (`template_id`, `template_name`, `meal_type`, `user_key`) VALUES
	(1, '저탄고지 아침', '아침', 'U001'),
	(2, '단백질 중심 점심', '점심', 'U001'),
	(3, '벌크업 저녁', '저녁', 'U001'),
	(4, '간단한 아침식사', '아침', 'U002'),
	(5, '헬스식단 점심', '점심', 'U002'),
	(6, '저자극 저녁', '저녁', 'U002'),
	(7, '프로틴 간식', '간식', 'U003'),
	(8, '클린푸드 점심', '점심', 'U004'),
	(9, '간단 간식', '간식', 'U004'),
	(10, '벌크용 고탄수 저녁', '저녁', 'U005');

-- 테이블 newbiehealth.diet_template_detail 구조 내보내기
CREATE TABLE IF NOT EXISTS `diet_template_detail` (
  `id` int(11) NOT NULL,
  `template_id` int(11) DEFAULT NULL,
  `food_id` int(11) DEFAULT NULL,
  `quantity` int(11) DEFAULT NULL,
  PRIMARY KEY (`id`),
  KEY `template_id` (`template_id`),
  KEY `food_id` (`food_id`),
  CONSTRAINT `diet_template_detail_ibfk_1` FOREIGN KEY (`template_id`) REFERENCES `diet_template` (`template_id`),
  CONSTRAINT `diet_template_detail_ibfk_2` FOREIGN KEY (`food_id`) REFERENCES `food` (`food_id`)
) ENGINE=InnoDB DEFAULT CHARSET=utf8mb4 COLLATE=utf8mb4_general_ci;

-- 테이블 데이터 newbiehealth.diet_template_detail:~0 rows (대략적) 내보내기

-- 테이블 newbiehealth.exercise 구조 내보내기
CREATE TABLE IF NOT EXISTS `exercise` (
  `exercise_id` int(11) NOT NULL,
  `exercise_name` varchar(20) DEFAULT NULL,
  `type` enum('MACHINE','CABLE','BODYWEIGHT','DUMBBEL','BARBEL') DEFAULT NULL,
  `target_muscle` varchar(100) DEFAULT NULL,
  `body_part` enum('SHOULDER','ARMS','CORE','LEGS','BACK','CHEST','HIP') DEFAULT NULL,
  `difficulty` int(11) DEFAULT NULL,
  `image_url` varchar(20) DEFAULT NULL,
  `video_url` varchar(50) DEFAULT NULL,
  PRIMARY KEY (`exercise_id`)
) ENGINE=InnoDB DEFAULT CHARSET=utf8mb4 COLLATE=utf8mb4_general_ci;

-- 테이블 데이터 newbiehealth.exercise:~149 rows (대략적) 내보내기
INSERT INTO `exercise` (`exercise_id`, `exercise_name`, `type`, `target_muscle`, `body_part`, `difficulty`, `image_url`, `video_url`) VALUES
	(1, '벤치 프레스', 'BARBEL', '대흉근, 전면삼각근, 상완삼두근', 'CHEST', 1, NULL, 'https://www.youtube.com/watch?v=A2kHURY746E'),
	(2, '체스트 프레스 머신', 'MACHINE', '대흉근, 전면삼각근, 상완삼두근', 'CHEST', 1, NULL, 'https://www.youtube.com/watch?v=6CPnYJonfUo\n'),
	(3, '펙덱 머신', 'MACHINE', '대흉근(내측), 소흉근', 'CHEST', 2, NULL, 'https://www.youtube.com/watch?v=bo6ZlZ_qL48\n'),
	(4, '케이블 크로스 오버', 'CABLE', '대흉근, 소흉근', 'CHEST', 2, NULL, 'https://www.youtube.com/watch?v=0HC3x4xxfd4&t=21s\n'),
	(5, '딥스 머신', 'MACHINE', '대흉근(하부), 상완삼두근, 전면삼각근', 'CHEST', 3, 'N', 'https://www.youtube.com/watch?v=CbhjAZmrcfw\n'),
	(6, '인클라인 체스트 프레스 머신', 'MACHINE', '대흉근(상부), 전면삼각근, 상완삼두근', 'CHEST', 4, 'N', 'N'),
	(7, '디클라인 프레스 머신', 'MACHINE', '대흉근(하부), 상완삼두근', 'CHEST', 2, 'N', 'N'),
	(8, '랫풀다운 머신', 'MACHINE', '광배근, 대원근, 상완이두근', 'BACK', 6, 'N', 'N'),
	(9, '시티드 로우 머신', 'MACHINE', '	광배근, 승모근, 능형근', 'BACK', 5, 'N', 'N'),
	(10, '어시스트 풀업 머신', 'MACHINE', '광배근, 상완이두근, 전완근', 'BACK', 5, 'N', 'N'),
	(11, 'T바 로우 머신', 'MACHINE', '광배근, 승모근, 능형근', 'BACK', 5, 'N', 'N'),
	(12, '해머 스트렝스 로우', 'MACHINE', '광배근, 후면삼각근, 승모근', 'BACK', 3, 'N', 'N'),
	(13, '풀오버 머신', 'MACHINE', '광배근, 대원근', 'BACK', 6, 'N', 'N'),
	(14, '숄더 프레스 머신', 'MACHINE', '전면삼각근, 측면삼각근, 상완삼두근', 'SHOULDER', 4, 'N', 'N'),
	(15, '래터럴 레이즈 머신', 'MACHINE', '측면삼각근', 'SHOULDER', 1, 'N', 'N'),
	(17, '리어 델트 머신', 'MACHINE', '후면삼각근, 능형근, 승모근', 'SHOULDER', 3, 'N', 'N'),
	(18, '바이셉 컬 머신', 'MACHINE', '상완이두근, 상완근, 전완근', 'ARMS', 5, 'N', 'N'),
	(19, '트라이 셉스 익스텐션 머신', 'MACHINE', '상완삼두근', 'ARMS', 2, 'N', 'N'),
	(20, '케이블 머신', 'CABLE', '상완이두근,상완삼두근', 'ARMS', 4, 'N', 'N'),
	(21, '복근 크런치 머신', 'MACHINE', '복직근', 'CORE', 5, 'N', 'N'),
	(22, '로만 체어', 'MACHINE', '복직근, 외복사근', 'CORE', 3, 'N', 'N'),
	(23, '시티드 레그레이즈 머신', 'MACHINE', '하복부(복직근 하부), 장요근', 'CORE', 6, 'N', 'N'),
	(24, '레그 익스텐션 머신', 'MACHINE', '대퇴사두근', 'LEGS', 7, 'N', 'N'),
	(25, '스미스 머신', 'MACHINE', '대퇴사두근, 둔근, 햄스트링', 'LEGS', 7, 'N', 'N'),
	(26, '바벨 백 스쿼트', 'BARBEL', '대퇴사두근, 둔근, 햄스트링', 'LEGS', 3, 'N', 'N'),
	(27, '해머 스트렝스 스쿼트 머신', 'MACHINE', '대퇴사두근, 둔근', 'LEGS', 1, 'N', 'N'),
	(28, '레스 컬 머신', 'MACHINE', '햄스트링', 'LEGS', 6, 'N', 'N'),
	(29, '루마니안 데드리프트', 'BARBEL', '햄스트링, 둔근', 'LEGS', 4, 'N', 'N'),
	(30, '스미스 머신 데드리프트', 'MACHINE', '햄스트링, 둔근', 'LEGS', 5, 'N', 'N'),
	(31, '힙 어브덕션 머신', 'MACHINE', '중둔근, 소둔근', 'HIP', 6, 'N', 'N'),
	(32, '힙 어덕션 머신', 'MACHINE', '내전근', 'HIP', 7, 'N', 'N'),
	(33, '힙 쓰러스트 머신', 'MACHINE', '대둔근, 햄스트링', 'HIP', 4, 'N', 'N'),
	(34, '케이블 킥백', 'CABLE', '대둔근', 'HIP', 3, 'N', 'N'),
	(35, '바벨 힙 쓰러스트', 'BARBEL', '대둔근, 햄스트링', 'HIP', 6, 'N', 'N'),
	(36, '스탠딩 카프 레이즈 머신', 'MACHINE', '비복근', 'LEGS', 2, 'N', 'N'),
	(37, '시티드 카프 레이즈 머신', 'MACHINE', '가자미근', 'LEGS', 5, 'N', 'N'),
	(38, '바벨 벤치프레스', 'BARBEL', '비복근, 가자미근', 'CHEST', 2, 'N', 'N'),
	(39, '인클라인 벤치프레스', 'BARBEL', '대흉근(상부), 전면삼각근, 상완삼두근', 'CHEST', 7, 'N', 'N'),
	(40, '디클라인 벤치프레스', 'BARBEL', '대흉근(하부), 상완삼두근', 'CHEST', 7, 'N', 'N'),
	(42, '덤벨 플라이', 'BARBEL', '대흉근, 소흉근', 'CHEST', 3, 'N', 'N'),
	(43, '푸시업', 'BODYWEIGHT', '대흉근, 전면삼각근, 상완삼두근', 'CHEST', 5, 'N', 'N'),
	(44, '딥스', 'BODYWEIGHT', '대흉근(하부), 상완삼두근, 전면삼각근', 'CHEST', 7, 'N', 'N'),
	(45, '바벨 벤트오버 로우', 'BARBEL', '광배근, 승모근, 능형근, 상완이두근', 'BACK', 3, 'N', 'N'),
	(47, '바벨 데드리프트', 'BARBEL', '햄스트링, 둔근, 척추기립근, 광배근', 'BACK', 9, 'N', 'N'),
	(48, '펜들레이 로우', 'BARBEL', '광배근, 승모근, 능형근, 상완이두근', 'BACK', 6, 'N', 'N'),
	(49, '케이블 로우', 'CABLE', '광배근, 승모근, 능형근', 'BACK', 4, 'N', 'N'),
	(50, '케이블 풀오버', 'CABLE', '광배근, 대원근', 'BACK', 2, 'N', 'N'),
	(51, '풀업', 'BODYWEIGHT', '광배근, 상완이두근, 전완근', 'BACK', 3, 'N', 'N'),
	(52, '친업', 'BODYWEIGHT', '상완이두근, 광배근, 전완근', 'BACK', 6, 'N', 'N'),
	(55, '바벨 오버헤드 프레스', 'BARBEL', '전면삼각근, 측면삼각근, 상완삼두근', 'SHOULDER', 4, 'N', 'N'),
	(56, '밀리터리 프레스', 'BODYWEIGHT', '전면삼각근, 측면삼각근, 상완삼두근', 'SHOULDER', 5, 'N', 'N'),
	(59, '벤트오버 리어 레이즈', 'BODYWEIGHT', '후면삼각근, 능형근, 승모근', 'SHOULDER', 5, 'N', 'N'),
	(60, '케이블 프론트 레이즈', 'CABLE', '전면삼각근', 'SHOULDER', 7, 'N', 'N'),
	(61, '케이블 레터럴 레이즈', 'CABLE', '측면삼각근', 'SHOULDER', 3, 'N', 'N'),
	(62, '케이블 리어 델트 플라이', 'CABLE', '후면삼각근, 능형근, 승모근', 'SHOULDER', 9, 'N', 'N'),
	(63, '바벨 컬', 'BARBEL', '상완이두근, 상완근, 전완근', 'ARMS', 9, 'N', 'N'),
	(68, '케이블 컬', 'CABLE', '상완이두근, 전완근', 'ARMS', 2, 'N', 'N'),
	(69, ' 로프 케이블 컬', 'CABLE', '상완이두근, 전완근', 'ARMS', 8, 'N', 'N'),
	(73, '바벨 스컬크러셔', 'BARBEL', '상완삼두근', 'ARMS', 4, 'N', 'N'),
	(74, '프렌치 프레스', 'BODYWEIGHT', '상완삼두근', 'ARMS', 2, 'N', 'N'),
	(75, '케이블 푸시다운', 'CABLE', '상완삼두근', 'ARMS', 5, 'N', 'N'),
	(76, '케이블 오버헤드 익스텐션', 'CABLE', '상완삼두근', 'ARMS', 9, 'N', 'N'),
	(77, '리버스 푸시다운', 'BODYWEIGHT', '상완삼두근', 'ARMS', 9, 'N', 'N'),
	(78, '크런치', 'BODYWEIGHT', '복직근', 'CORE', 8, 'N', 'N'),
	(79, '레그 레이즈', 'BODYWEIGHT', ' 복직근(하부), 장요근', 'CORE', 9, 'N', 'N'),
	(80, '플랭크', 'BODYWEIGHT', '복직근, 복횡근', 'CORE', 2, 'N', 'N'),
	(81, '바이시클 크런치', 'BODYWEIGHT', '복직근, 외복사근', 'CORE', 7, 'N', 'N'),
	(82, 'V업', 'BODYWEIGHT', '복직근, 장요근', 'CORE', 1, 'N', 'N'),
	(83, '마운틴 클라이머', 'BODYWEIGHT', '복직근, 외복사근, 장요근', 'CORE', 6, 'N', 'N'),
	(84, '케이블 크런치', 'CABLE', '복직근', 'CORE', 8, 'N', 'N'),
	(85, '바벨 백 스쿼트', 'BARBEL', '대퇴사두근, 둔근, 햄스트링', 'LEGS', 2, 'N', 'N'),
	(86, '프론트 스쿼트', 'BARBEL', '대퇴사두근, 둔근', 'LEGS', 1, 'N', 'N'),
	(88, '블가리안 스플릿 스쿼트', 'BODYWEIGHT', '대퇴사두근, 둔근, 햄스트링', 'LEGS', 1, 'N', 'N'),
	(89, '에어 스쿼트 ', 'BODYWEIGHT', '대퇴사두근, 둔근', 'LEGS', 5, 'N', 'N'),
	(90, '점프 스쿼트', 'BODYWEIGHT', '대퇴사두근, 둔근', 'LEGS', 6, 'N', 'N'),
	(91, '벽 스쿼트', 'BODYWEIGHT', '대퇴사두근', 'LEGS', 4, 'N', 'N'),
	(92, '루마니안 레그 데드리프트', 'BODYWEIGHT', '햄스트링, 둔근', 'LEGS', 9, 'N', 'N'),
	(93, '스티프 레그 데드리프트', 'BODYWEIGHT', '햄스트링, 둔근', 'LEGS', 4, 'N', 'N'),
	(94, '바벨 굿모닝', 'BARBEL', '햄스트링, 척추기립근', 'LEGS', 4, 'N', 'N'),
	(95, '햄스트링 브릿지', 'BODYWEIGHT', '햄스트링, 둔근', 'LEGS', 3, 'N', 'N'),
	(96, '힙 브릿지', 'BODYWEIGHT', '둔근, 햄스트링', 'HIP', 5, 'N', 'N'),
	(97, '바벨 힙 쓰러스트', 'BARBEL', '대둔근, 햄스트링', 'HIP', 5, 'N', 'N'),
	(100, '불가리안 스플릿 스쿼트', 'BARBEL', '대퇴사두근, 둔근, 햄스트링', 'HIP', 5, 'N', 'N'),
	(101, '루마니안 데드리프트', 'BARBEL', '햄스트링, 둔근', 'HIP', 1, 'N', 'N'),
	(102, '케이블 킥백', 'CABLE', '대둔근', 'HIP', 1, 'N', 'N'),
	(103, '케이블 힙 어브덕션', 'CABLE', '중둔근, 소둔근', 'HIP', 3, 'N', 'N'),
	(104, '글루트 브릿지', 'BODYWEIGHT', '대둔근, 햄스트링', 'HIP', 2, 'N', 'N'),
	(105, '힙 리프트', 'BODYWEIGHT', '대둔근, 햄스트링', 'HIP', 5, 'N', 'N'),
	(106, '사이드 런지', 'BODYWEIGHT', '내전근, 중둔근, 대둔근', 'HIP', 6, 'N', 'N'),
	(107, '와이드 스쿼트', 'BODYWEIGHT', '대둔근, 내전근', 'HIP', 5, 'N', 'N'),
	(108, '케이블 힙 어덕션', 'CABLE', '내전근', 'HIP', 2, 'N', 'N'),
	(110, '바벨 카프 레이즈', 'BARBEL', '비복근, 가자미근', 'LEGS', 2, 'N', 'N'),
	(111, '스미스 머신 카프 레이즈', 'MACHINE', '비복근', 'LEGS', 5, 'N', 'N'),
	(112, '스탠딩 카프 레이즈', 'BODYWEIGHT', '비복근', 'LEGS', 2, 'N', 'N'),
	(113, '싱글 레그 카프 레이즈', 'BODYWEIGHT', '비복근', 'LEGS', 4, 'N', 'N'),
	(114, '인클라인 푸시업', 'BODYWEIGHT', '대흉근(상부), 전면삼각근, 상완삼두근', 'CHEST', 5, 'N', 'N'),
	(115, '디클라인 푸시업', 'BODYWEIGHT', '대흉근(하부), 전면삼각근, 상완삼두근', 'CHEST', 5, 'N', 'N'),
	(116, '와이드 푸시업', 'BODYWEIGHT', '대흉근, 전면삼각근, 상완삼두근', 'CHEST', 6, 'N', 'N'),
	(117, '다이아몬드 푸시업', 'BODYWEIGHT', '대흉근, 전면삼각근, 상완삼두근, 상완삼두근', 'CHEST', 3, 'N', 'N'),
	(118, '푸시업 홀드', 'BODYWEIGHT', '대흉근, 전면삼각근, 상완삼두근', 'CHEST', 6, 'N', 'N'),
	(119, '인버티드 로우', 'BODYWEIGHT', '광배근, 상완이두근, 능형근, 승모근', 'BACK', 6, 'N', 'N'),
	(120, '슈퍼맨', 'BODYWEIGHT', '척추기립근, 승모근, 광배근', 'BACK', 7, 'N', 'N'),
	(121, '리버스 스노우엔젤', 'BODYWEIGHT', '후면삼각근, 승모근, 능형근', 'BACK', 7, 'N', 'N'),
	(122, '도어 로우', 'BODYWEIGHT', '광배근, 상완이두근, 전완근', 'BACK', 3, 'N', 'N'),
	(123, '파이크 푸시업', 'BODYWEIGHT', '전면삼각근, 측면삼각근, 상완삼두근', 'SHOULDER', 7, 'N', 'N'),
	(124, '핸드스탠드 푸시업', 'BODYWEIGHT', '전면삼각근, 측면삼각근, 상완삼두근', 'SHOULDER', 6, 'N', 'N'),
	(125, '암서클', 'BODYWEIGHT', '전면삼각근, 측면삼각근, 후면삼각근', 'SHOULDER', 5, 'N', 'N'),
	(126, 'Y-T-I Raises', 'BODYWEIGHT', '승모근, 능형근, 후면삼각근', 'SHOULDER', 5, 'N', 'N'),
	(127, '친업', 'BODYWEIGHT', ' 상완이두근, 광배근, 전완근', 'ARMS', 4, 'N', 'N'),
	(128, '인버티드 로우', 'BODYWEIGHT', '광배근, 상완이두근, 능형근, 승모근', 'ARMS', 4, 'N', 'N'),
	(129, '타월 컬', 'BODYWEIGHT', '상완이두근, 전완근', 'ARMS', 5, 'N', 'N'),
	(130, '암 이소메트릭 수축', 'BODYWEIGHT', '상완이두근', 'ARMS', 7, 'N', 'N'),
	(131, '내로우 푸시업', 'BODYWEIGHT', '상완삼두근, 대흉근', 'ARMS', 3, 'N', 'N'),
	(132, '힐 터치', 'BODYWEIGHT', '복직근, 외복사근', 'CORE', 3, 'N', 'N'),
	(133, '스쿼트', 'BODYWEIGHT', '대퇴사두근, 둔근', 'LEGS', 2, 'N', 'N'),
	(134, '점프 스쿼트', 'BODYWEIGHT', '대퇴사두근, 둔근', 'LEGS', 5, 'N', 'N'),
	(135, '월싯', 'BODYWEIGHT', '대퇴사두근', 'LEGS', 3, 'N', 'N'),
	(136, '슬로우 스쿼트', 'BODYWEIGHT', '대퇴사두근, 둔근', 'LEGS', 6, 'N', 'N'),
	(137, '불가리안 스플릿 스쿼드', 'BODYWEIGHT', ' 대퇴사두근, 둔근, 햄스트링', 'LEGS', 6, 'N', 'N'),
	(138, '스텝업', 'BODYWEIGHT', '대퇴사두근, 둔근, 햄스트링', 'LEGS', 3, 'N', 'N'),
	(139, '힙 브릿지', 'BODYWEIGHT', '둔근, 햄스트링', 'LEGS', 2, 'N', 'N'),
	(140, '싱글 레그 브릿지', 'BODYWEIGHT', ' 둔근, 햄스트링', 'LEGS', 6, 'N', 'N'),
	(141, '햄스트링 슬라이드', 'BODYWEIGHT', '햄스트링, 둔근', 'LEGS', 2, 'N', 'N'),
	(142, '힙 힌지', 'BODYWEIGHT', '햄스트링, 둔근', 'LEGS', 2, 'N', 'N'),
	(143, '힙 브릿지', 'BODYWEIGHT', '둔근, 햄스트링', 'HIP', 5, 'N', 'N'),
	(144, '싱글 레그 힙 브릿지', 'BODYWEIGHT', ' 둔근, 햄스트링', 'HIP', 5, 'N', 'N'),
	(145, '킥백', 'BODYWEIGHT', ' 대둔근', 'HIP', 2, 'N', 'N'),
	(146, '파이어 하이드런트', 'BODYWEIGHT', '대둔근, 중둔근', 'HIP', 5, 'N', 'N'),
	(147, '레터럴 밴드 워크', 'BODYWEIGHT', ' 중둔근, 대둔근', 'HIP', 3, 'N', 'N'),
	(148, '와이드 스쿼트', 'BODYWEIGHT', '대둔근, 내전근', 'HIP', 4, 'N', 'N'),
	(149, '사이드 런지', 'BODYWEIGHT', '내전근, 중둔근, 대둔근', 'HIP', 6, 'N', 'N'),
	(150, '클로즈 스쿼트', 'BODYWEIGHT', '대퇴사두근, 내전근', 'HIP', 5, 'N', 'N'),
	(151, '내전 리프트', 'BODYWEIGHT', '내전근', 'LEGS', 4, 'N', 'N'),
	(152, '사이드 레그 라이즈', 'BODYWEIGHT', ' 중둔근, 소둔근', 'LEGS', 2, 'N', 'N'),
	(153, '스탠딩 카프 레이즈', 'BODYWEIGHT', '비복근', 'LEGS', 5, 'N', 'N'),
	(154, '점프잭', 'MACHINE', '전신(비복근, 대퇴사두근 등)', 'LEGS', 5, 'N', 'N'),
	(155, '런닝머신', 'MACHINE', '대퇴사두근, 햄스트링, 대둔근, 비복근, 가자미근, 심폐지구력', 'LEGS', 6, 'N', 'N'),
	(156, '리컴번트 바이크', 'MACHINE', '대퇴사두근, 햄스트링, 대둔근, 비복근, 가자미근', 'LEGS', 5, 'N', 'N'),
	(157, '업라이트 바이크', 'MACHINE', '대퇴사두근, 햄스트링, 대둔근, 비복근, 가자미근', 'LEGS', 2, 'N', 'N'),
	(158, '스피닝 바이크', 'MACHINE', '대퇴사두근, 햄스트링, 대둔근, 비복근, 가자미근', 'LEGS', 7, 'N', 'N'),
	(159, '스텝밀', 'MACHINE', '대퇴사두근, 햄스트링, 대둔근, 비복근, 가자미근', 'LEGS', 5, 'N', 'N'),
	(160, '미니 스텝퍼', 'MACHINE', '대퇴사두근, 햄스트링, 대둔근, 비복근, 가자미근', 'LEGS', 2, 'N', 'N'),
	(161, '클라이머 머신', 'MACHINE', '대퇴사두근, 햄스트링, 대둔근, 비복근, 가자미근, 전신유산소', 'LEGS', 6, 'N', 'N'),
	(162, '일리티컬 머신', 'MACHINE', '대퇴사두근, 햄스트링, 대둔근, 비복근, 가자미근, 전완근', 'LEGS', 5, 'N', 'N'),
	(163, '로잉머신', 'MACHINE', ' 광배근, 승모근, 능형근, 상완이두근, 대퇴사두근, 햄스트링, 대둔근, 비복근', 'LEGS', 3, 'N', 'N'),
	(164, '트레드클라이머', 'MACHINE', '대퇴사두근, 햄스트링, 대둔근, 비복근, 가자미근', 'LEGS', 2, 'N', 'N'),
	(165, '에어 바이크', 'MACHINE', '대퇴사두근, 햄스트링, 대둔근, 비복근, 상완이두근, 상완삼두근, 어깨', 'LEGS', 2, 'N', 'N'),
	(166, '커브 러닝머신', 'MACHINE', '대퇴사두근, 햄스트링, 대둔근, 비복근, 가자미근', 'LEGS', 2, 'N', 'N'),
	(167, '점프 트램폴린', 'MACHINE', '대퇴사두근, 햄스트링, 대둔근, 비복근, 코어근육(복직근, 외복사근)', 'LEGS', 1, 'N', 'N');

-- 테이블 newbiehealth.food 구조 내보내기
CREATE TABLE IF NOT EXISTS `food` (
  `food_id` int(11) NOT NULL AUTO_INCREMENT,
  `food_name` varchar(20) DEFAULT NULL,
  `food_carbohydrate` int(11) DEFAULT NULL,
  `food_protein` int(11) DEFAULT NULL,
  `food_fat` int(11) DEFAULT NULL,
  `food_calories` int(11) DEFAULT NULL,
  `food_type` enum('채소','과일','음식','간식') DEFAULT NULL,
  PRIMARY KEY (`food_id`)
) ENGINE=InnoDB AUTO_INCREMENT=31 DEFAULT CHARSET=utf8mb4 COLLATE=utf8mb4_general_ci;

-- 테이블 데이터 newbiehealth.food:~30 rows (대략적) 내보내기
INSERT INTO `food` (`food_id`, `food_name`, `food_carbohydrate`, `food_protein`, `food_fat`, `food_calories`, `food_type`) VALUES
	(1, '닭가슴살', 0, 31, 4, 165, '음식'),
	(2, '삶은 계란', 1, 13, 11, 155, '음식'),
	(3, '두부', 2, 8, 5, 76, '음식'),
	(4, '오트밀', 12, 2, 1, 68, '음식'),
	(5, '고구마', 20, 2, 0, 86, '채소'),
	(6, '브로콜리', 7, 3, 0, 34, '채소'),
	(7, '현미밥', 23, 2, 1, 111, '음식'),
	(8, '그릭요거트 무가당', 4, 10, 0, 59, '음식'),
	(9, '닭가슴살 소시지', 2, 14, 5, 120, '음식'),
	(10, '계란 흰자', 1, 11, 0, 52, '음식'),
	(11, '양배추', 6, 1, 0, 25, '채소'),
	(12, '시리얼 (무설탕)', 22, 3, 1, 110, '음식'),
	(13, '현미떡', 21, 2, 0, 100, '간식'),
	(14, '단호박', 12, 1, 0, 49, '채소'),
	(15, '사과', 14, 0, 0, 52, '과일'),
	(16, '바나나', 23, 1, 0, 89, '과일'),
	(17, '샐러드채소 믹스', 3, 2, 0, 20, '채소'),
	(18, '닭가슴살 스테이크', 2, 22, 6, 180, '음식'),
	(19, '연어구이', 0, 20, 13, 208, '음식'),
	(20, '양상추', 3, 1, 0, 15, '채소'),
	(21, '삶은 감자', 20, 2, 0, 87, '채소'),
	(22, '찐 옥수수', 21, 3, 2, 96, '채소'),
	(23, '현미 누룽지', 25, 3, 1, 120, '음식'),
	(24, '콩나물', 5, 3, 0, 33, '채소'),
	(25, '청포묵', 10, 0, 0, 40, '채소'),
	(26, '샐러드 닭가슴살볼', 2, 16, 4, 135, '음식'),
	(27, '블루베리', 15, 1, 0, 57, '과일'),
	(28, '아몬드 (10알)', 22, 21, 50, 579, '간식'),
	(29, '저지방 우유', 5, 3, 1, 45, '음식'),
	(30, '곤약밥', 2, 0, 0, 10, '음식');

-- 테이블 newbiehealth.routine_exercise_detail 구조 내보내기
CREATE TABLE IF NOT EXISTS `routine_exercise_detail` (
  `id` int(11) NOT NULL AUTO_INCREMENT,
  `routine_id` int(11) DEFAULT NULL,
  `exercise_id` int(11) DEFAULT NULL,
  `sets` int(11) DEFAULT NULL,
  `reps` int(11) DEFAULT NULL,
  `weight` int(11) DEFAULT NULL,
  `user_key` varchar(20) DEFAULT NULL,
  PRIMARY KEY (`id`),
  KEY `routine_id` (`routine_id`),
  KEY `exercise_id` (`exercise_id`),
  KEY `fk_re_detail_user` (`user_key`),
  CONSTRAINT `fk_re_detail_user` FOREIGN KEY (`user_key`) REFERENCES `user` (`user_key`) ON DELETE CASCADE,
  CONSTRAINT `routine_exercise_detail_ibfk_1` FOREIGN KEY (`routine_id`) REFERENCES `workout_routine` (`routine_id`),
  CONSTRAINT `routine_exercise_detail_ibfk_2` FOREIGN KEY (`exercise_id`) REFERENCES `exercise` (`exercise_id`)
) ENGINE=InnoDB AUTO_INCREMENT=131 DEFAULT CHARSET=utf8mb4 COLLATE=utf8mb4_general_ci;

-- 테이블 데이터 newbiehealth.routine_exercise_detail:~30 rows (대략적) 내보내기
INSERT INTO `routine_exercise_detail` (`id`, `routine_id`, `exercise_id`, `sets`, `reps`, `weight`, `user_key`) VALUES
	(1, 1, 1, 5, 5, 80, 'U002'),
	(2, 1, 2, 5, 5, 60, 'U001'),
	(3, 2, 10, 4, 10, 90, 'U002'),
	(4, 2, 11, 3, 12, 70, 'U003'),
	(5, 3, 22, 4, 10, 100, 'U009'),
	(6, 3, 24, 4, 12, 110, 'U010'),
	(7, 4, 6, 3, 15, 45, 'U011'),
	(8, 5, 20, 4, 10, 60, 'U004'),
	(9, 6, 17, 4, 12, 40, 'U008'),
	(10, 7, 8, 3, 15, 0, 'U007'),
	(11, 1, 1, 5, 5, 80, 'U001'),
	(12, 1, 2, 5, 5, 60, 'U001'),
	(13, 1, 3, 4, 8, 70, 'U001'),
	(14, 1, 4, 4, 10, 60, 'U001'),
	(15, 1, 5, 4, 10, 65, 'U001'),
	(16, 2, 6, 3, 10, 45, 'U002'),
	(17, 2, 7, 3, 10, 50, 'U002'),
	(18, 2, 8, 3, 10, 60, 'U002'),
	(19, 2, 9, 3, 12, 55, 'U002'),
	(20, 2, 10, 3, 12, 60, 'U002'),
	(21, 3, 24, 4, 10, 80, 'U003'),
	(22, 3, 25, 4, 10, 85, 'U003'),
	(23, 3, 26, 4, 8, 90, 'U003'),
	(24, 3, 27, 4, 8, 95, 'U003'),
	(25, 3, 28, 3, 8, 100, 'U003'),
	(26, 4, 21, 3, 15, 0, 'U004'),
	(27, 4, 22, 3, 15, 0, 'U004'),
	(28, 4, 23, 3, 15, 0, 'U004'),
	(29, 4, 30, 3, 15, 10, 'U004'),
	(30, 4, 31, 3, 20, 15, 'U004');

-- 테이블 newbiehealth.statistics 구조 내보내기
CREATE TABLE IF NOT EXISTS `statistics` (
  `id` int(11) NOT NULL AUTO_INCREMENT,
  `user_key` varchar(20) NOT NULL,
  `date` date NOT NULL,
  `day_of_week` varchar(10) DEFAULT NULL,
  `weight_kg` int(11) DEFAULT NULL,
  `muscle_mass` decimal(5,1) DEFAULT NULL,
  `body_fat` decimal(5,1) DEFAULT NULL,
  PRIMARY KEY (`id`),
  KEY `statistics_ibfk_1` (`user_key`),
  CONSTRAINT `statistics_ibfk_1` FOREIGN KEY (`user_key`) REFERENCES `user` (`user_key`)
) ENGINE=InnoDB AUTO_INCREMENT=63 DEFAULT CHARSET=utf8mb4 COLLATE=utf8mb4_general_ci;

-- 테이블 데이터 newbiehealth.statistics:~5 rows (대략적) 내보내기
INSERT INTO `statistics` (`id`, `user_key`, `date`, `day_of_week`, `weight_kg`, `muscle_mass`, `body_fat`) VALUES
	(1, 'U001', '2025-07-01', 'TUE', 67, 28.6, 19.4),
	(2, 'U001', '2025-07-15', 'TUE', 67, 29.5, 18.4),
	(3, 'U001', '2025-07-29', 'TUE', 68, 29.2, 17.4),
	(4, 'U001', '2025-08-12', 'TUE', 64, 29.8, 16.6),
	(5, 'U001', '2025-08-26', 'TUE', 68, 30.0, 16.4);

-- 테이블 newbiehealth.user 구조 내보내기
CREATE TABLE IF NOT EXISTS `user` (
  `user_key` varchar(20) NOT NULL,
  `user_id` varchar(20) DEFAULT NULL,
  `password` varchar(20) DEFAULT NULL,
  `name` varchar(20) DEFAULT NULL,
  `age` int(11) DEFAULT NULL,
  `gender` enum('남','여') DEFAULT NULL,
  `height_cm` float DEFAULT NULL,
  `weight_kg` float DEFAULT NULL,
  `fitness_level` int(11) DEFAULT NULL,
  `goal` enum('다이어트','벌크업','유지어트') DEFAULT NULL,
  `created_at` date DEFAULT NULL,
  `survey_completed` tinyint(1) DEFAULT 0,
  PRIMARY KEY (`user_key`)
) ENGINE=InnoDB DEFAULT CHARSET=utf8mb4 COLLATE=utf8mb4_general_ci;

-- 테이블 데이터 newbiehealth.user:~41 rows (대략적) 내보내기
INSERT INTO `user` (`user_key`, `user_id`, `password`, `name`, `age`, `gender`, `height_cm`, `weight_kg`, `fitness_level`, `goal`, `created_at`, `survey_completed`) VALUES
	('U001', 'test01', '1234', '최윤서', 25, '남', 175.5, 70, 1, '다이어트', '2025-07-30', 1),
	('U002', 'test02', '1234', '김영희', 30, '여', 162, 55, 2, '유지어트', '2025-07-30', 0),
	('U003', 'test03', '1234', '이철수', 28, '남', 180.2, 82, 2, '벌크업', '2025-07-30', 1),
	('U004', 'test04', 'pw44', '박지민', 22, '여', 158.3, 48, 1, '다이어트', '2025-07-30', 0),
	('U005', 'test05', 'pass5', '최태현', 35, '남', 172.5, 76.5, 2, '유지어트', '2025-07-30', 1),
	('U006', 'test06', 'pw66', '강민지', 27, '여', 167, 60, 1, '다이어트', '2025-07-30', 0),
	('U007', 'test07', 'test7', '정우성', 40, '남', 183, 85, 3, '벌크업', '2025-07-30', 0),
	('U008', 'test08', 'pw88', '한지은', 31, '여', 160, 57, 2, '유지어트', '2025-07-30', 1),
	('U009', 'test09', '1239', '오준혁', 26, '남', 176.4, 72, 2, '다이어트', '2025-07-30', 0),
	('U010', 'test10', 'abcd10', '서유리', 29, '여', 165, 58, 2, '유지어트', '2025-07-30', 0),
	('U011', 'test11', '3493', '김구', 23, '남', 180.2, 78, 2, '벌크업', '2025-07-30', 0),
	('U012', 'test12', 'ab12', '이다현', 26, '여', 163, 54, 1, '다이어트', '2025-07-30', 0),
	('U013', 'test13', 'qwe13', '최지훈', 33, '남', 178, 74, 2, '벌크업', '2025-07-30', 0),
	('U014', 'test14', 'pw14', '민유라', 28, '여', 165, 56, 2, '유지어트', '2025-07-30', 0),
	('U015', 'test15', 'pass15', '유현수', 36, '남', 182, 81, 3, '벌크업', '2025-07-30', 0),
	('U016', 'test16', 'abcd16', '강수빈', 25, '여', 160, 52, 1, '다이어트', '2025-07-30', 0),
	('U017', 'test17', 'zxc17', '조기훈', 32, '남', 174, 68, 2, '유지어트', '2025-07-30', 0),
	('U018', 'test18', 'pw18', '한지원', 27, '여', 167, 55, 2, '유지어트', '2025-07-30', 0),
	('U019', 'test19', 'test19', '문지호', 38, '남', 179, 85, 3, '벌크업', '2025-07-30', 0),
	('U020', 'test20', '2020', '이소은', 29, '여', 168, 59, 2, '유지어트', '2025-07-30', 0),
	('U021', 'test21', 'pw21', '정석진', 31, '남', 180, 76, 2, '다이어트', '2025-07-30', 0),
	('U022', 'test22', 'pw22', '이선우', 27, '남', 177, 73, 2, '벌크업', '2025-07-30', 0),
	('U023', 'test23', 'pass23', '김채영', 30, '여', 162, 52, 1, '다이어트', '2025-07-30', 0),
	('U024', 'test24', 'abcd24', '정태현', 35, '남', 180, 76, 2, '유지어트', '2025-07-30', 0),
	('U025', 'test25', 'pw25', '박유림', 24, '여', 164, 50, 1, '다이어트', '2025-07-30', 0),
	('U026', 'test26', 'pass26', '윤정우', 33, '남', 176, 70, 2, '유지어트', '2025-07-30', 0),
	('U027', 'test27', 'pw27', '송지은', 26, '여', 160, 48, 1, '다이어트', '2025-07-30', 0),
	('U028', 'test28', 'pass28', '오재현', 31, '남', 179, 75, 2, '벌크업', '2025-07-30', 0),
	('U029', 'test29', 'pw29', '하윤지', 28, '여', 166, 53, 2, '유지어트', '2025-07-30', 0),
	('U030', 'test30', 'pass30', '노지훈', 37, '남', 181, 84, 3, '벌크업', '2025-07-30', 0),
	('U031', 'test31', 'pw31', '김민서', 25, '여', 163, 51, 1, '다이어트', '2025-07-30', 0),
	('U032', 'test32', 'pass32', '최우성', 34, '남', 178, 72, 2, '유지어트', '2025-07-30', 0),
	('U033', 'test33', 'pw33', '백하은', 29, '여', 165, 55, 2, '유지어트', '2025-07-30', 0),
	('U034', 'test34', 'pass34', '남태우', 39, '남', 182, 86, 3, '벌크업', '2025-07-30', 0),
	('U035', 'test35', 'pw35', '윤소민', 27, '여', 162, 49, 1, '다이어트', '2025-07-30', 0),
	('U036', 'test36', 'pass36', '오민규', 36, '남', 180, 77, 2, '유지어트', '2025-07-30', 0),
	('U037', 'test37', 'pw37', '정가은', 31, '여', 168, 58, 2, '유지어트', '2025-07-30', 0),
	('U038', 'test38', 'pass38', '임도현', 40, '남', 183, 88, 3, '벌크업', '2025-07-30', 0),
	('U039', 'test39', 'pw39', '최다인', 28, '여', 164, 54, 2, '유지어트', '2025-07-30', 0),
	('U040', 'test40', 'pass40', '배진수', 32, '남', 177, 74, 2, '유지어트', '2025-07-30', 0),
	('U041', 'test41', 'pw41', '서예진', 26, '여', 160, 50, 1, '다이어트', '2025-07-30', 0);

-- 테이블 newbiehealth.user_eaten_food 구조 내보내기
CREATE TABLE IF NOT EXISTS `user_eaten_food` (
  `record_id` int(11) NOT NULL DEFAULT 0,
  `user_key` varchar(50) DEFAULT NULL,
  `meal_type` enum('아침','점심','저녁','간식') DEFAULT NULL,
  `food_id` int(11) DEFAULT NULL,
  `quantity` int(11) DEFAULT NULL,
  `date` date DEFAULT NULL,
  `created_at` date DEFAULT NULL,
  `intaked_calories` int(11) DEFAULT NULL,
  PRIMARY KEY (`record_id`),
  KEY `FK_userkey` (`user_key`),
  KEY `FK_foodId` (`food_id`),
  CONSTRAINT `FK_foodId` FOREIGN KEY (`food_id`) REFERENCES `food` (`food_id`) ON DELETE NO ACTION ON UPDATE NO ACTION,
  CONSTRAINT `FK_userkey` FOREIGN KEY (`user_key`) REFERENCES `user` (`user_key`) ON DELETE NO ACTION ON UPDATE NO ACTION
) ENGINE=InnoDB DEFAULT CHARSET=utf8mb4 COLLATE=utf8mb4_general_ci;

-- 테이블 데이터 newbiehealth.user_eaten_food:~193 rows (대략적) 내보내기
INSERT INTO `user_eaten_food` (`record_id`, `user_key`, `meal_type`, `food_id`, `quantity`, `date`, `created_at`, `intaked_calories`) VALUES
	(1, 'U001', '아침', 5, 2, '2025-08-04', '2025-08-04', 172),
	(2, 'U001', '점심', 1, 1, '2025-08-04', '2025-08-04', 165),
	(3, 'U001', '저녁', 7, 1, '2025-08-04', '2025-08-04', 180),
	(4, 'U002', '아침', 5, 1, '2025-08-04', '2025-08-04', NULL),
	(5, 'U002', '점심', 8, 2, '2025-08-04', '2025-08-04', NULL),
	(6, 'U003', '저녁', 19, 1, '2025-08-03', '2025-08-03', NULL),
	(7, 'U003', '간식', 28, 1, '2025-08-03', '2025-08-03', NULL),
	(8, 'U004', '아침', 2, 1, '2025-08-02', '2025-08-02', NULL),
	(9, 'U004', '점심', 6, 2, '2025-08-02', '2025-08-02', NULL),
	(10, 'U004', '저녁', 4, 1, '2025-08-02', '2025-08-02', NULL),
	(11, 'U001', '아침', 6, 1, '2025-07-01', '2025-07-01', 35),
	(12, 'U001', '점심', 4, 2, '2025-07-01', '2025-07-01', 240),
	(13, 'U001', '저녁', 2, 2, '2025-07-01', '2025-07-01', 156),
	(14, 'U001', '아침', 8, 1, '2025-07-02', '2025-07-02', 100),
	(15, 'U001', '점심', 8, 2, '2025-07-02', '2025-07-02', 200),
	(16, 'U001', '저녁', 3, 1, '2025-07-02', '2025-07-02', 160),
	(17, 'U001', '아침', 1, 2, '2025-07-03', '2025-07-03', 330),
	(18, 'U001', '점심', 18, 1, '2025-07-03', '2025-07-03', 70),
	(19, 'U001', '저녁', 4, 1, '2025-07-03', '2025-07-03', 120),
	(20, 'U001', '아침', 1, 2, '2025-07-04', '2025-07-04', 330),
	(21, 'U001', '점심', 6, 1, '2025-07-04', '2025-07-04', 35),
	(22, 'U001', '저녁', 6, 1, '2025-07-04', '2025-07-04', 35),
	(23, 'U001', '아침', 10, 2, '2025-07-05', '2025-07-05', 500),
	(24, 'U001', '점심', 9, 1, '2025-07-05', '2025-07-05', 150),
	(25, 'U001', '저녁', 4, 1, '2025-07-05', '2025-07-05', 120),
	(26, 'U001', '아침', 4, 2, '2025-07-06', '2025-07-06', 240),
	(27, 'U001', '점심', 4, 1, '2025-07-06', '2025-07-06', 120),
	(28, 'U001', '저녁', 18, 1, '2025-07-06', '2025-07-06', 70),
	(29, 'U001', '아침', 8, 1, '2025-07-07', '2025-07-07', 100),
	(30, 'U001', '점심', 8, 2, '2025-07-07', '2025-07-07', 200),
	(31, 'U001', '저녁', 7, 2, '2025-07-07', '2025-07-07', 360),
	(32, 'U001', '아침', 4, 2, '2025-07-08', '2025-07-08', 240),
	(33, 'U001', '점심', 9, 2, '2025-07-08', '2025-07-08', 300),
	(34, 'U001', '저녁', 8, 1, '2025-07-08', '2025-07-08', 100),
	(35, 'U001', '아침', 9, 2, '2025-07-09', '2025-07-09', 300),
	(36, 'U001', '점심', 19, 1, '2025-07-09', '2025-07-09', 220),
	(37, 'U001', '저녁', 9, 1, '2025-07-09', '2025-07-09', 150),
	(38, 'U001', '아침', 7, 1, '2025-07-10', '2025-07-10', 180),
	(39, 'U001', '점심', 10, 1, '2025-07-10', '2025-07-10', 250),
	(40, 'U001', '저녁', 1, 1, '2025-07-10', '2025-07-10', 165),
	(41, 'U001', '아침', 10, 2, '2025-07-11', '2025-07-11', 500),
	(42, 'U001', '점심', 10, 1, '2025-07-11', '2025-07-11', 250),
	(43, 'U001', '저녁', 9, 1, '2025-07-11', '2025-07-11', 150),
	(44, 'U001', '아침', 1, 2, '2025-07-12', '2025-07-12', 330),
	(45, 'U001', '점심', 19, 1, '2025-07-12', '2025-07-12', 220),
	(46, 'U001', '저녁', 6, 2, '2025-07-12', '2025-07-12', 70),
	(47, 'U001', '아침', 19, 1, '2025-07-13', '2025-07-13', 220),
	(48, 'U001', '점심', 4, 1, '2025-07-13', '2025-07-13', 120),
	(49, 'U001', '저녁', 7, 2, '2025-07-13', '2025-07-13', 360),
	(50, 'U001', '아침', 10, 2, '2025-07-14', '2025-07-14', 500),
	(51, 'U001', '점심', 18, 1, '2025-07-14', '2025-07-14', 70),
	(52, 'U001', '저녁', 3, 1, '2025-07-14', '2025-07-14', 160),
	(53, 'U001', '아침', 4, 1, '2025-07-15', '2025-07-15', 120),
	(54, 'U001', '점심', 5, 1, '2025-07-15', '2025-07-15', 86),
	(55, 'U001', '저녁', 1, 2, '2025-07-15', '2025-07-15', 330),
	(56, 'U001', '아침', 8, 1, '2025-07-16', '2025-07-16', 100),
	(57, 'U001', '점심', 6, 1, '2025-07-16', '2025-07-16', 35),
	(58, 'U001', '저녁', 7, 1, '2025-07-16', '2025-07-16', 180),
	(59, 'U001', '아침', 3, 1, '2025-07-17', '2025-07-17', 160),
	(60, 'U001', '점심', 9, 2, '2025-07-17', '2025-07-17', 300),
	(61, 'U001', '저녁', 7, 1, '2025-07-17', '2025-07-17', 180),
	(62, 'U001', '아침', 7, 2, '2025-07-18', '2025-07-18', 360),
	(63, 'U001', '점심', 3, 1, '2025-07-18', '2025-07-18', 160),
	(64, 'U001', '저녁', 19, 2, '2025-07-18', '2025-07-18', 440),
	(65, 'U001', '아침', 7, 1, '2025-07-19', '2025-07-19', 180),
	(66, 'U001', '점심', 18, 1, '2025-07-19', '2025-07-19', 70),
	(67, 'U001', '저녁', 10, 2, '2025-07-19', '2025-07-19', 500),
	(68, 'U001', '아침', 10, 2, '2025-07-20', '2025-07-20', 500),
	(69, 'U001', '점심', 18, 2, '2025-07-20', '2025-07-20', 140),
	(70, 'U001', '저녁', 5, 1, '2025-07-20', '2025-07-20', 86),
	(71, 'U001', '아침', 10, 1, '2025-07-21', '2025-07-21', 250),
	(72, 'U001', '점심', 5, 2, '2025-07-21', '2025-07-21', 172),
	(73, 'U001', '저녁', 1, 1, '2025-07-21', '2025-07-21', 165),
	(74, 'U001', '아침', 8, 1, '2025-07-22', '2025-07-22', 100),
	(75, 'U001', '점심', 19, 2, '2025-07-22', '2025-07-22', 440),
	(76, 'U001', '저녁', 5, 2, '2025-07-22', '2025-07-22', 172),
	(77, 'U001', '아침', 9, 1, '2025-07-23', '2025-07-23', 150),
	(78, 'U001', '점심', 5, 2, '2025-07-23', '2025-07-23', 172),
	(79, 'U001', '저녁', 8, 1, '2025-07-23', '2025-07-23', 100),
	(80, 'U001', '아침', 2, 2, '2025-07-24', '2025-07-24', 156),
	(81, 'U001', '점심', 2, 2, '2025-07-24', '2025-07-24', 156),
	(82, 'U001', '저녁', 4, 1, '2025-07-24', '2025-07-24', 120),
	(83, 'U001', '아침', 8, 2, '2025-07-25', '2025-07-25', 200),
	(84, 'U001', '점심', 5, 1, '2025-07-25', '2025-07-25', 86),
	(85, 'U001', '저녁', 5, 2, '2025-07-25', '2025-07-25', 172),
	(86, 'U001', '아침', 2, 2, '2025-07-26', '2025-07-26', 156),
	(87, 'U001', '점심', 10, 2, '2025-07-26', '2025-07-26', 500),
	(88, 'U001', '저녁', 9, 1, '2025-07-26', '2025-07-26', 150),
	(89, 'U001', '아침', 9, 2, '2025-07-27', '2025-07-27', 300),
	(90, 'U001', '점심', 2, 1, '2025-07-27', '2025-07-27', 78),
	(91, 'U001', '저녁', 10, 2, '2025-07-27', '2025-07-27', 500),
	(92, 'U001', '아침', 1, 2, '2025-07-28', '2025-07-28', 330),
	(93, 'U001', '점심', 4, 1, '2025-07-28', '2025-07-28', 120),
	(94, 'U001', '저녁', 9, 2, '2025-07-28', '2025-07-28', 300),
	(95, 'U001', '아침', 8, 1, '2025-07-29', '2025-07-29', 100),
	(96, 'U001', '점심', 18, 2, '2025-07-29', '2025-07-29', 140),
	(97, 'U001', '저녁', 19, 1, '2025-07-29', '2025-07-29', 220),
	(98, 'U001', '아침', 10, 2, '2025-07-30', '2025-07-30', 500),
	(99, 'U001', '점심', 9, 1, '2025-07-30', '2025-07-30', 150),
	(100, 'U001', '저녁', 7, 1, '2025-07-30', '2025-07-30', 180),
	(101, 'U001', '아침', 9, 2, '2025-07-31', '2025-07-31', 300),
	(102, 'U001', '점심', 8, 1, '2025-07-31', '2025-07-31', 100),
	(103, 'U001', '저녁', 10, 2, '2025-07-31', '2025-07-31', 500),
	(104, 'U001', '아침', 8, 2, '2025-08-01', '2025-08-01', 200),
	(105, 'U001', '점심', 10, 2, '2025-08-01', '2025-08-01', 500),
	(106, 'U001', '저녁', 5, 2, '2025-08-01', '2025-08-01', 172),
	(107, 'U001', '아침', 6, 2, '2025-08-02', '2025-08-02', 70),
	(108, 'U001', '점심', 6, 2, '2025-08-02', '2025-08-02', 70),
	(109, 'U001', '저녁', 1, 1, '2025-08-02', '2025-08-02', 165),
	(110, 'U001', '아침', 3, 1, '2025-08-03', '2025-08-03', 160),
	(111, 'U001', '점심', 7, 1, '2025-08-03', '2025-08-03', 180),
	(112, 'U001', '저녁', 6, 2, '2025-08-03', '2025-08-03', 70),
	(113, 'U001', '아침', 7, 1, '2025-08-05', '2025-08-05', 180),
	(114, 'U001', '점심', 2, 1, '2025-08-05', '2025-08-05', 78),
	(115, 'U001', '저녁', 7, 1, '2025-08-05', '2025-08-05', 180),
	(116, 'U001', '아침', 8, 2, '2025-08-06', '2025-08-06', 200),
	(117, 'U001', '점심', 1, 2, '2025-08-06', '2025-08-06', 330),
	(118, 'U001', '저녁', 2, 1, '2025-08-06', '2025-08-06', 78),
	(119, 'U001', '아침', 2, 1, '2025-08-07', '2025-08-07', 78),
	(120, 'U001', '점심', 1, 2, '2025-08-07', '2025-08-07', 330),
	(121, 'U001', '저녁', 4, 2, '2025-08-07', '2025-08-07', 240),
	(122, 'U001', '아침', 19, 2, '2025-08-08', '2025-08-08', 440),
	(123, 'U001', '점심', 6, 1, '2025-08-08', '2025-08-08', 35),
	(124, 'U001', '저녁', 7, 2, '2025-08-08', '2025-08-08', 360),
	(125, 'U001', '아침', 1, 2, '2025-08-09', '2025-08-09', 330),
	(126, 'U001', '점심', 19, 2, '2025-08-09', '2025-08-09', 440),
	(127, 'U001', '저녁', 19, 1, '2025-08-09', '2025-08-09', 220),
	(128, 'U001', '아침', 8, 2, '2025-08-10', '2025-08-10', 200),
	(129, 'U001', '점심', 8, 1, '2025-08-10', '2025-08-10', 100),
	(130, 'U001', '저녁', 4, 2, '2025-08-10', '2025-08-10', 240),
	(131, 'U001', '아침', 9, 2, '2025-08-11', '2025-08-11', 300),
	(132, 'U001', '점심', 2, 1, '2025-08-11', '2025-08-11', 78),
	(133, 'U001', '저녁', 2, 1, '2025-08-11', '2025-08-11', 78),
	(134, 'U001', '아침', 4, 2, '2025-08-12', '2025-08-12', 240),
	(135, 'U001', '점심', 6, 2, '2025-08-12', '2025-08-12', 70),
	(136, 'U001', '저녁', 9, 2, '2025-08-12', '2025-08-12', 300),
	(137, 'U001', '아침', 7, 2, '2025-08-13', '2025-08-13', 360),
	(138, 'U001', '점심', 19, 1, '2025-08-13', '2025-08-13', 220),
	(139, 'U001', '저녁', 1, 2, '2025-08-13', '2025-08-13', 330),
	(140, 'U001', '아침', 7, 2, '2025-08-14', '2025-08-14', 360),
	(141, 'U001', '점심', 4, 1, '2025-08-14', '2025-08-14', 120),
	(142, 'U001', '저녁', 18, 2, '2025-08-14', '2025-08-14', 140),
	(143, 'U001', '아침', 6, 2, '2025-08-15', '2025-08-15', 70),
	(144, 'U001', '점심', 5, 2, '2025-08-15', '2025-08-15', 172),
	(145, 'U001', '저녁', 2, 2, '2025-08-15', '2025-08-15', 156),
	(146, 'U001', '아침', 19, 2, '2025-08-16', '2025-08-16', 440),
	(147, 'U001', '점심', 19, 1, '2025-08-16', '2025-08-16', 220),
	(148, 'U001', '저녁', 4, 2, '2025-08-16', '2025-08-16', 240),
	(149, 'U001', '아침', 2, 1, '2025-08-17', '2025-08-17', 78),
	(150, 'U001', '점심', 18, 2, '2025-08-17', '2025-08-17', 140),
	(151, 'U001', '저녁', 7, 1, '2025-08-17', '2025-08-17', 180),
	(152, 'U001', '아침', 1, 2, '2025-08-18', '2025-08-18', 330),
	(153, 'U001', '점심', 19, 2, '2025-08-18', '2025-08-18', 440),
	(154, 'U001', '저녁', 19, 1, '2025-08-18', '2025-08-18', 220),
	(155, 'U001', '아침', 18, 2, '2025-08-19', '2025-08-19', 140),
	(156, 'U001', '점심', 1, 1, '2025-08-19', '2025-08-19', 165),
	(157, 'U001', '저녁', 18, 1, '2025-08-19', '2025-08-19', 70),
	(158, 'U001', '아침', 18, 1, '2025-08-20', '2025-08-20', 70),
	(159, 'U001', '점심', 19, 1, '2025-08-20', '2025-08-20', 220),
	(160, 'U001', '저녁', 3, 2, '2025-08-20', '2025-08-20', 320),
	(161, 'U001', '아침', 3, 1, '2025-08-21', '2025-08-21', 160),
	(162, 'U001', '점심', 18, 1, '2025-08-21', '2025-08-21', 70),
	(163, 'U001', '저녁', 2, 1, '2025-08-21', '2025-08-21', 78),
	(164, 'U001', '아침', 5, 1, '2025-08-22', '2025-08-22', 86),
	(165, 'U001', '점심', 4, 2, '2025-08-22', '2025-08-22', 240),
	(166, 'U001', '저녁', 4, 1, '2025-08-22', '2025-08-22', 120),
	(167, 'U001', '아침', 7, 2, '2025-08-23', '2025-08-23', 360),
	(168, 'U001', '점심', 7, 2, '2025-08-23', '2025-08-23', 360),
	(169, 'U001', '저녁', 7, 1, '2025-08-23', '2025-08-23', 180),
	(170, 'U001', '아침', 7, 2, '2025-08-24', '2025-08-24', 360),
	(171, 'U001', '점심', 10, 1, '2025-08-24', '2025-08-24', 250),
	(172, 'U001', '저녁', 1, 1, '2025-08-24', '2025-08-24', 165),
	(173, 'U001', '아침', 18, 1, '2025-08-25', '2025-08-25', 70),
	(174, 'U001', '점심', 7, 2, '2025-08-25', '2025-08-25', 360),
	(175, 'U001', '저녁', 8, 1, '2025-08-25', '2025-08-25', 100),
	(176, 'U001', '아침', 18, 2, '2025-08-26', '2025-08-26', 140),
	(177, 'U001', '점심', 1, 1, '2025-08-26', '2025-08-26', 165),
	(178, 'U001', '저녁', 19, 2, '2025-08-26', '2025-08-26', 440),
	(179, 'U001', '아침', 5, 1, '2025-08-27', '2025-08-27', 86),
	(180, 'U001', '점심', 19, 2, '2025-08-27', '2025-08-27', 440),
	(181, 'U001', '저녁', 6, 2, '2025-08-27', '2025-08-27', 70),
	(182, 'U001', '아침', 8, 2, '2025-08-28', '2025-08-28', 200),
	(183, 'U001', '점심', 2, 2, '2025-08-28', '2025-08-28', 156),
	(184, 'U001', '저녁', 9, 2, '2025-08-28', '2025-08-28', 300),
	(185, 'U001', '아침', 8, 2, '2025-08-29', '2025-08-29', 200),
	(186, 'U001', '점심', 4, 2, '2025-08-29', '2025-08-29', 240),
	(187, 'U001', '저녁', 9, 2, '2025-08-29', '2025-08-29', 300),
	(188, 'U001', '아침', 4, 1, '2025-08-30', '2025-08-30', 120),
	(189, 'U001', '점심', 7, 2, '2025-08-30', '2025-08-30', 360),
	(190, 'U001', '저녁', 9, 2, '2025-08-30', '2025-08-30', 300),
	(191, 'U001', '아침', 8, 2, '2025-08-31', '2025-08-31', 200),
	(192, 'U001', '점심', 19, 2, '2025-08-31', '2025-08-31', 440),
	(193, 'U001', '저녁', 7, 2, '2025-08-31', '2025-08-31', 360);

-- 테이블 newbiehealth.user_survey 구조 내보내기
CREATE TABLE IF NOT EXISTS `user_survey` (
  `user_key` varchar(20) NOT NULL,
  `goal_weight` float NOT NULL,
  `created_at` timestamp NULL DEFAULT current_timestamp(),
  `goal_daily_calories` int(11) DEFAULT NULL,
  PRIMARY KEY (`user_key`),
  CONSTRAINT `user_survey_ibfk_1` FOREIGN KEY (`user_key`) REFERENCES `user` (`user_key`) ON DELETE CASCADE ON UPDATE CASCADE
) ENGINE=InnoDB DEFAULT CHARSET=utf8mb4 COLLATE=utf8mb4_general_ci;

-- 테이블 데이터 newbiehealth.user_survey:~2 rows (대략적) 내보내기
INSERT INTO `user_survey` (`user_key`, `goal_weight`, `created_at`, `goal_daily_calories`) VALUES
	('U001', 65, '2025-08-03 08:20:57', 400),
	('U002', 324, '2025-08-03 08:22:04', NULL);

-- 테이블 newbiehealth.workout_record 구조 내보내기
CREATE TABLE IF NOT EXISTS `workout_record` (
  `record_id` int(11) NOT NULL AUTO_INCREMENT,
  `user_key` varchar(20) NOT NULL,
  `exercise_id` int(11) NOT NULL,
  `date` date NOT NULL,
  `sets` int(11) NOT NULL,
  `reps` int(11) NOT NULL,
  `weight` int(11) NOT NULL,
  PRIMARY KEY (`record_id`),
  KEY `user_key` (`user_key`),
  KEY `exercise_id` (`exercise_id`),
  CONSTRAINT `workout_record_ibfk_1` FOREIGN KEY (`user_key`) REFERENCES `user` (`user_key`),
  CONSTRAINT `workout_record_ibfk_2` FOREIGN KEY (`exercise_id`) REFERENCES `exercise` (`exercise_id`)
) ENGINE=InnoDB AUTO_INCREMENT=409 DEFAULT CHARSET=utf8mb4 COLLATE=utf8mb4_general_ci;

-- 테이블 데이터 newbiehealth.workout_record:~179 rows (대략적) 내보내기
INSERT INTO `workout_record` (`record_id`, `user_key`, `exercise_id`, `date`, `sets`, `reps`, `weight`) VALUES
	(2, 'U001', 5, '2025-07-21', 4, 9, 54),
	(3, 'U001', 3, '2025-07-23', 4, 12, 51),
	(4, 'U002', 4, '2025-07-26', 5, 9, 67),
	(5, 'U002', 3, '2025-07-27', 4, 9, 40),
	(6, 'U002', 4, '2025-07-29', 3, 10, 90),
	(7, 'U003', 4, '2025-07-26', 5, 11, 73),
	(8, 'U003', 3, '2025-07-23', 3, 9, 87),
	(9, 'U003', 5, '2025-07-27', 4, 8, 93),
	(15, 'U002', 1, '2025-08-02', 4, 9, 72),
	(16, 'U002', 2, '2025-08-02', 4, 10, 68),
	(17, 'U002', 3, '2025-08-02', 5, 11, 74),
	(18, 'U002', 4, '2025-08-02', 4, 12, 62),
	(19, 'U002', 5, '2025-08-02', 3, 10, 58),
	(20, 'U003', 1, '2025-08-03', 4, 10, 65),
	(21, 'U003', 2, '2025-08-03', 4, 10, 67),
	(22, 'U003', 3, '2025-08-03', 4, 9, 70),
	(23, 'U003', 4, '2025-08-03', 3, 10, 63),
	(24, 'U003', 5, '2025-08-03', 3, 12, 59),
	(25, 'U004', 1, '2025-08-04', 4, 11, 75),
	(26, 'U004', 2, '2025-08-04', 4, 9, 69),
	(27, 'U004', 3, '2025-08-04', 5, 12, 76),
	(28, 'U004', 4, '2025-08-04', 3, 11, 66),
	(29, 'U004', 5, '2025-08-04', 3, 13, 60),
	(30, 'U005', 1, '2025-08-05', 4, 10, 72),
	(31, 'U005', 2, '2025-08-05', 4, 8, 67),
	(32, 'U005', 3, '2025-08-05', 5, 11, 73),
	(33, 'U005', 4, '2025-08-05', 3, 12, 64),
	(34, 'U005', 5, '2025-08-05', 3, 10, 59),
	(35, 'U001', 1, '2025-08-06', 4, 10, 71),
	(36, 'U001', 2, '2025-08-06', 4, 9, 66),
	(37, 'U001', 3, '2025-08-06', 5, 12, 74),
	(38, 'U001', 4, '2025-08-06', 3, 10, 65),
	(39, 'U001', 5, '2025-08-06', 3, 14, 58),
	(40, 'U002', 1, '2025-08-07', 4, 9, 73),
	(41, 'U002', 2, '2025-08-07', 4, 10, 70),
	(42, 'U002', 3, '2025-08-07', 5, 10, 76),
	(43, 'U002', 4, '2025-08-07', 4, 11, 63),
	(44, 'U002', 5, '2025-08-07', 3, 13, 57),
	(45, 'U003', 1, '2025-08-08', 4, 9, 69),
	(46, 'U003', 2, '2025-08-08', 4, 10, 68),
	(47, 'U003', 3, '2025-08-08', 5, 11, 72),
	(48, 'U003', 4, '2025-08-08', 3, 10, 60),
	(49, 'U003', 5, '2025-08-08', 3, 12, 54),
	(50, 'U004', 1, '2025-08-09', 4, 12, 74),
	(51, 'U004', 2, '2025-08-09', 4, 9, 67),
	(52, 'U004', 3, '2025-08-09', 4, 11, 71),
	(53, 'U004', 4, '2025-08-09', 3, 12, 62),
	(54, 'U004', 5, '2025-08-09', 3, 13, 55),
	(55, 'U005', 1, '2025-08-10', 4, 10, 75),
	(56, 'U005', 2, '2025-08-10', 4, 10, 72),
	(57, 'U005', 3, '2025-08-10', 5, 10, 78),
	(58, 'U005', 4, '2025-08-10', 3, 11, 64),
	(59, 'U005', 5, '2025-08-10', 3, 15, 58),
	(68, 'U001', 1, '2025-08-06', 4, 10, 76),
	(69, 'U001', 2, '2025-08-06', 4, 10, 71),
	(92, 'U001', 7, '2025-07-29', 3, 10, 50),
	(93, 'U001', 25, '2025-07-29', 3, 5, 50),
	(94, 'U001', 73, '2025-07-29', 3, 5, 50),
	(125, 'U001', 10, '2025-07-31', 4, 10, 90),
	(126, 'U001', 11, '2025-07-31', 3, 12, 70),
	(127, 'U001', 6, '2025-07-31', 3, 10, 45),
	(128, 'U001', 7, '2025-07-31', 3, 10, 50),
	(212, 'U001', 22, '2025-08-01', 3, 5, 50),
	(213, 'U001', 40, '2025-08-01', 3, 5, 50),
	(214, 'U001', 121, '2025-08-01', 3, 5, 50),
	(215, 'U001', 5, '2025-08-01', 3, 5, 50),
	(216, 'U001', 160, '2025-08-01', 3, 5, 50),
	(221, 'U001', 2, '2025-08-02', 5, 5, 60),
	(222, 'U001', 1, '2025-08-02', 5, 5, 80),
	(223, 'U001', 2, '2025-08-02', 5, 5, 60),
	(224, 'U001', 3, '2025-08-02', 4, 8, 70),
	(225, 'U001', 4, '2025-08-02', 4, 10, 60),
	(301, 'U001', 3, '2025-07-01', 5, 10, 80),
	(302, 'U001', 3, '2025-07-01', 3, 10, 51),
	(303, 'U001', 6, '2025-07-03', 5, 12, 41),
	(304, 'U001', 1, '2025-07-03', 5, 10, 75),
	(305, 'U001', 3, '2025-07-03', 3, 10, 76),
	(306, 'U001', 2, '2025-07-04', 5, 8, 57),
	(307, 'U001', 4, '2025-07-04', 5, 8, 68),
	(308, 'U001', 1, '2025-07-05', 4, 12, 49),
	(309, 'U001', 7, '2025-07-06', 4, 10, 42),
	(310, 'U001', 7, '2025-07-07', 3, 12, 41),
	(311, 'U001', 5, '2025-07-07', 4, 10, 55),
	(312, 'U001', 3, '2025-07-07', 3, 12, 63),
	(313, 'U001', 6, '2025-07-08', 5, 12, 52),
	(314, 'U001', 6, '2025-07-08', 3, 12, 73),
	(315, 'U001', 7, '2025-07-08', 4, 8, 43),
	(316, 'U001', 3, '2025-07-09', 5, 12, 61),
	(317, 'U001', 5, '2025-07-09', 5, 12, 54),
	(318, 'U001', 6, '2025-07-09', 3, 10, 68),
	(319, 'U001', 4, '2025-07-10', 5, 12, 51),
	(320, 'U001', 5, '2025-07-10', 5, 8, 54),
	(321, 'U001', 6, '2025-07-10', 3, 8, 55),
	(322, 'U001', 3, '2025-07-11', 3, 10, 61),
	(323, 'U001', 1, '2025-07-12', 4, 8, 71),
	(324, 'U001', 3, '2025-07-12', 3, 10, 65),
	(325, 'U001', 4, '2025-07-12', 4, 12, 41),
	(326, 'U001', 7, '2025-07-15', 3, 12, 74),
	(327, 'U001', 7, '2025-07-16', 4, 12, 54),
	(328, 'U001', 5, '2025-07-17', 3, 10, 41),
	(329, 'U001', 6, '2025-07-17', 4, 10, 44),
	(330, 'U001', 3, '2025-07-17', 3, 12, 45),
	(331, 'U001', 1, '2025-07-18', 3, 8, 62),
	(332, 'U001', 6, '2025-07-18', 5, 10, 74),
	(333, 'U001', 4, '2025-07-18', 5, 8, 41),
	(334, 'U001', 7, '2025-07-19', 3, 8, 79),
	(335, 'U001', 1, '2025-07-20', 4, 8, 63),
	(336, 'U001', 4, '2025-07-20', 4, 10, 64),
	(337, 'U001', 3, '2025-07-20', 4, 12, 59),
	(338, 'U001', 5, '2025-07-21', 3, 12, 58),
	(339, 'U001', 7, '2025-07-21', 4, 12, 71),
	(340, 'U001', 4, '2025-07-21', 4, 12, 52),
	(341, 'U001', 6, '2025-07-22', 3, 12, 77),
	(342, 'U001', 2, '2025-07-23', 3, 8, 65),
	(343, 'U001', 2, '2025-07-23', 3, 12, 50),
	(344, 'U001', 2, '2025-07-23', 4, 12, 44),
	(345, 'U001', 6, '2025-07-24', 4, 10, 65),
	(346, 'U001', 7, '2025-07-25', 5, 8, 71),
	(347, 'U001', 2, '2025-07-25', 3, 10, 73),
	(348, 'U001', 3, '2025-07-26', 5, 8, 65),
	(349, 'U001', 4, '2025-07-26', 5, 12, 68),
	(350, 'U001', 4, '2025-07-28', 4, 12, 62),
	(351, 'U001', 7, '2025-07-28', 3, 12, 77),
	(352, 'U001', 7, '2025-07-28', 4, 8, 48),
	(353, 'U001', 5, '2025-07-29', 5, 12, 58),
	(354, 'U001', 2, '2025-07-29', 3, 8, 80),
	(355, 'U001', 4, '2025-07-31', 5, 12, 44),
	(356, 'U001', 2, '2025-07-31', 5, 10, 41),
	(357, 'U001', 3, '2025-07-31', 4, 8, 65),
	(358, 'U001', 5, '2025-08-01', 4, 10, 68),
	(359, 'U001', 4, '2025-08-02', 5, 12, 41),
	(360, 'U001', 2, '2025-08-02', 3, 10, 77),
	(361, 'U001', 6, '2025-08-02', 5, 12, 75),
	(362, 'U001', 1, '2025-08-03', 3, 12, 40),
	(363, 'U001', 3, '2025-08-03', 3, 10, 78),
	(365, 'U001', 3, '2025-08-05', 5, 8, 66),
	(366, 'U001', 5, '2025-08-05', 5, 12, 67),
	(367, 'U001', 4, '2025-08-05', 3, 10, 76),
	(368, 'U001', 4, '2025-08-06', 3, 12, 58),
	(369, 'U001', 2, '2025-08-07', 5, 12, 49),
	(370, 'U001', 5, '2025-08-07', 3, 8, 47),
	(371, 'U001', 6, '2025-08-07', 3, 12, 46),
	(372, 'U001', 4, '2025-08-09', 4, 12, 52),
	(373, 'U001', 6, '2025-08-09', 3, 12, 62),
	(374, 'U001', 2, '2025-08-10', 3, 10, 65),
	(375, 'U001', 5, '2025-08-10', 3, 10, 63),
	(376, 'U001', 7, '2025-08-11', 5, 10, 52),
	(377, 'U001', 3, '2025-08-11', 4, 8, 50),
	(378, 'U001', 7, '2025-08-11', 3, 12, 71),
	(379, 'U001', 1, '2025-08-12', 4, 10, 49),
	(380, 'U001', 3, '2025-08-12', 3, 12, 56),
	(381, 'U001', 4, '2025-08-13', 3, 12, 73),
	(382, 'U001', 1, '2025-08-13', 5, 10, 60),
	(383, 'U001', 6, '2025-08-14', 5, 12, 61),
	(384, 'U001', 2, '2025-08-15', 3, 8, 59),
	(385, 'U001', 7, '2025-08-15', 5, 8, 56),
	(386, 'U001', 3, '2025-08-16', 3, 8, 42),
	(387, 'U001', 1, '2025-08-18', 3, 10, 43),
	(388, 'U001', 2, '2025-08-18', 4, 10, 75),
	(389, 'U001', 6, '2025-08-20', 4, 8, 48),
	(390, 'U001', 5, '2025-08-21', 4, 12, 59),
	(391, 'U001', 3, '2025-08-21', 3, 10, 66),
	(392, 'U001', 3, '2025-08-22', 4, 8, 68),
	(393, 'U001', 2, '2025-08-22', 3, 10, 52),
	(394, 'U001', 4, '2025-08-23', 4, 12, 48),
	(395, 'U001', 5, '2025-08-23', 3, 8, 67),
	(396, 'U001', 2, '2025-08-24', 5, 8, 80),
	(397, 'U001', 5, '2025-08-25', 3, 8, 43),
	(398, 'U001', 3, '2025-08-25', 3, 8, 40),
	(399, 'U001', 5, '2025-08-26', 4, 8, 63),
	(400, 'U001', 7, '2025-08-27', 5, 8, 76),
	(401, 'U001', 2, '2025-08-27', 5, 8, 60),
	(402, 'U001', 5, '2025-08-28', 5, 12, 41),
	(403, 'U001', 5, '2025-08-28', 3, 12, 59),
	(404, 'U001', 6, '2025-08-29', 4, 8, 74),
	(405, 'U001', 7, '2025-08-29', 4, 8, 41),
	(406, 'U001', 3, '2025-08-31', 3, 8, 67),
	(407, 'U001', 2, '2025-08-31', 5, 8, 63);

-- 테이블 newbiehealth.workout_routine 구조 내보내기
CREATE TABLE IF NOT EXISTS `workout_routine` (
  `routine_id` int(11) NOT NULL,
  `routine_name` varchar(20) DEFAULT NULL,
  `user_key` varchar(20) DEFAULT NULL,
  `description` text DEFAULT NULL,
  `created_at` date DEFAULT NULL,
  PRIMARY KEY (`routine_id`),
  KEY `user_key` (`user_key`),
  CONSTRAINT `workout_routine_ibfk_1` FOREIGN KEY (`user_key`) REFERENCES `user` (`user_key`)
) ENGINE=InnoDB DEFAULT CHARSET=utf8mb4 COLLATE=utf8mb4_general_ci;

-- 테이블 데이터 newbiehealth.workout_routine:~10 rows (대략적) 내보내기
INSERT INTO `workout_routine` (`routine_id`, `routine_name`, `user_key`, `description`, `created_at`) VALUES
	(1, '5x5 헬스 루틴', 'U001', '기초 근력 향상을 위한 5x5 루틴', '2025-07-30'),
	(2, '상체 집중 루틴', 'U001', '가슴, 등, 어깨 위주 구성', '2025-07-30'),
	(3, '하체 강화 루틴', 'U002', '스쿼트, 런지, 레그프레스 중심', '2025-07-30'),
	(4, '전신 순환 루틴', 'U002', '전신 운동을 순환식으로 구성', '2025-07-30'),
	(5, '체지방 감량 루틴', 'U003', '고강도 인터벌 포함', '2025-07-30'),
	(6, '벌크업 프로그램', 'U003', '중량 위주 고반복 구성', '2025-07-30'),
	(7, '홈트 루틴', 'U004', '도구 없이 집에서 가능한 운동', '2025-07-30'),
	(8, '초보자 웨이트 루틴', 'U005', '기본 머신과 쉬운 동작으로 구성', '2025-07-30'),
	(9, '여성 코어 루틴', 'U006', '복부, 둔근 위주 코어 강화 운동', '2025-07-30'),
	(10, '유산소+근력 루틴', 'U007', '러닝과 근력운동 병행 루틴', '2025-07-30');